,Unnamed: 0,Unnamed: 0.1,comment_id,status_id,parent_id,comment_published,num_reactions,num_likes,num_loves,num_wows,num_hahas,num_sads,num_angrys,num_special,comment_message_cleaned,hashtags,urls,text_filtered,text_tokenized,text_stemmed,text_original,text_sentiment_original_scores,text_sentiment_original_scores_type
0,0,0,667462033642425_668225513566077,632493333805962_667462033642425,,2017-12-22 18:12:20,0,0,0,0,0,0,0,0,What did they talk about in the dirty thirties...did the scientists spread fear about weather change then...,[],[],talk dirty thirties scientists spread fear weather change,"['talk', 'dirty', 'thirties', 'scientists', 'spread', 'fear', 'weather', 'change']","[u'talk', u'dirti', u'thirti', u'scientist', u'spread', u'fear', u'weather', u'chang']",What did they talk about in the dirty thirties...did the scientists spread fear about weather change then...,-0.6,Negative
1,1,1,666382390417056_666509960404299,632493333805962_666382390417056,,2017-12-19 19:37:00,0,0,0,0,0,0,0,0,If you’re not building nuclear power plants you’re wasting resources. If we started construction on plant in Saskatchewan and in Alberta we could employ thousands of skilled trades people currently left unemployed by the oil down turn plus when the plants come on line we could reduce our carbon footprint by many tonnes. Time To Go Nuclear.,[],[],building nuclear power plants wasting resources started construction plant Saskatchewan Alberta could employ thousands skilled trades people currently left unemployed oil turn plus plants come line could reduce carbon footprint many tonnes Time Go Nuclear,"['building', 'nuclear', 'power', 'plants', 'wasting', 'resources', 'started', 'construction', 'plant', 'Saskatchewan', 'Alberta', 'could', 'employ', 'thousands', 'skilled', 'trades', 'people', 'currently', 'left', 'unemployed', 'oil', 'turn', 'plus', 'plants', 'come', 'line', 'could', 'reduce', 'carbon', 'footprint', 'many', 'tonnes', 'Time', 'Go', 'Nuclear']","[u'build', u'nuclear', u'power', u'plant', u'wast', u'resourc', u'start', u'construct', u'plant', u'saskatchewan', u'alberta', u'could', u'employ', u'thousand', u'skill', u'trade', u'peopl', u'current', u'left', u'unemploy', u'oil', u'turn', u'plus', u'plant', u'come', u'line', u'could', u'reduc', u'carbon', u'footprint', u'mani', u'tonn', u'time', 'go', u'nuclear']","If you’re not building nuclear power plants you’re wasting resources. 
If we started construction on 1 plant in Saskatchewan and 2 in Alberta we could employ thousands of skilled trades people currently left unemployed by the oil down turn plus when the plants come on line we could reduce our carbon footprint by many tonnes. 
Time To Go Nuclear.",0.2111111111111111,Neutral
2,2,2,663786990676596_664158603972768,632493333805962_664058260649469,,2017-12-15 12:45:49,1,1,0,0,0,0,0,0,"Energy efficiency is the lowest hanging fruit anyone can do for slowing climate change. I replaced every light bulb with LEDs two years ago. The light is better and as for cost savings, they have already paid for themselves. PLUS none of the bulbs has burned out yet!",[],[],Energy efficiency lowest hanging fruit anyone slowing climate change replaced every light bulb LEDs two years ago light better cost savings already paid PLUS none bulbs burned yet,"['Energy', 'efficiency', 'lowest', 'hanging', 'fruit', 'anyone', 'slowing', 'climate_change', 'replaced', 'every', 'light', 'bulb', 'LEDs', 'two', 'years', 'ago', 'light', 'better', 'cost', 'savings', 'already', 'paid', 'PLUS', 'none', 'bulbs', 'burned', 'yet']","[u'energi', u'effici', u'lowest', u'hang', u'fruit', u'anyon', u'slow', u'climate_chang', u'replac', u'everi', u'light', u'bulb', u'led', u'two', u'year', u'ago', u'light', u'better', u'cost', u'save', u'alreadi', u'paid', u'plus', u'none', u'bulb', u'burn', u'yet']","Energy efficiency is the lowest hanging fruit anyone can do for slowing climate change. I replaced every light bulb with LEDs two years ago. The light is better and as for cost savings, they have already paid for themselves.  PLUS none of the bulbs has burned out yet!",0.47500000000000003,Positive
3,3,3,663786990676596_664187497303212,632493333805962_664058260649469,,2017-12-15 14:00:07,0,0,0,0,0,0,0,0,"when are you and the entire Liberal team announcing you are all going since plant-based diets would help reduce emissions by +%? if is truly a crucial issue, then put personal actions behind your endless 'announcements' and 'commitments'","['#vegan', '#ClimateAction']",[],entire Liberal team announcing going since plant based diets would help reduce emissions truly crucial issue put personal actions behind endless announcements commitments,"['entire', 'Liberal', 'team', 'announcing', 'going', 'since', 'plant', 'based', 'diets', 'would', 'help', 'reduce', 'emissions', 'truly', 'crucial', 'issue', 'put', 'personal', 'actions', 'behind', 'endless', 'announcements', 'commitments']","[u'entir', u'liber', u'team', u'announc', u'go', u'sinc', u'plant', u'base', u'diet', u'would', u'help', u'reduc', u'emiss', u'truli', u'crucial', u'issu', u'put', u'person', u'action', u'behind', u'endless', u'announc', u'commit']","when are you and the entire Liberal team announcing you are all going #vegan since plant-based diets would help reduce emissions by 30+%? if #ClimateAction is truly a crucial issue, then put personal actions behind your endless 'announcements' and 'commitments'",-0.10500000000000001,Neutral
4,4,4,663786990676596_664087167313245,632493333805962_664058260649469,,2017-12-15 10:13:03,1,1,0,0,0,0,0,0,Looking forward to hearing about the Challenge Fund next year.,[],[],Looking forward hearing Challenge Fund next year,"['Looking', 'forward', 'hearing', 'Challenge', 'Fund', 'next', 'year']","[u'look', u'forward', u'hear', u'challeng', u'fund', u'next', u'year']",Looking forward to hearing about the Challenge Fund next year.,0.0,Neutral
5,5,5,663786990676596_664081900647105,632493333805962_664058260649469,,2017-12-15 10:04:15,0,0,0,0,0,0,0,0,Short version - we're going to spend your money to tell you how to save money so that you can pay your increasing energy bills.,[],[],Short version going spend money tell save money pay increasing energy bills,"['Short', 'version', 'going', 'spend', 'money', 'tell', 'save', 'money', 'pay', 'increasing', 'energy', 'bills']","[u'short', u'version', u'go', u'spend', u'money', u'tell', u'save', u'money', u'pay', u'increas', u'energi', u'bill']",Short version - we're going to spend your money to tell you how to save money so that you can pay your increasing energy bills.,0.0,Neutral
6,6,6,663786990676596_664079373980691,632493333805962_664058260649469,,2017-12-15 09:59:36,1,1,0,0,0,0,0,0,Encouraging energy efficiency is NOT a new initiative,[],[],Encouraging energy efficiency new initiative,"['Encouraging', 'energy', 'efficiency', 'new', 'initiative']","[u'encourag', u'energi', u'effici', u'new', u'initi']",Encouraging energy efficiency is NOT a new initiative,-0.06818181818181818,Neutral
7,7,7,663786990676596_664155180639777,632493333805962_664058260649469,,2017-12-15 12:37:08,0,0,0,0,0,0,0,0,The Low Carbon Economy Challenge was supposed to be launched in ....,[],[],Low Carbon Economy Challenge supposed launched,"['Low', 'Carbon', 'Economy', 'Challenge', 'supposed', 'launched']","[u'low', u'carbon', u'economi', u'challeng', u'suppos', u'launch']",The Low Carbon Economy Challenge was supposed to be launched in 2017....,0.0,Neutral
8,8,8,663786990676596_664132733975355,632493333805962_664058260649469,,2017-12-15 11:38:35,0,0,0,0,0,0,0,0,So proud that Canada is integrating sustainability into the economy!,[],[],proud Canada integrating sustainability economy,"['proud', 'Canada', 'integrating', 'sustainability', 'economy']","[u'proud', u'canada', u'integr', u'sustain', u'economi']",So proud that Canada is integrating sustainability into the economy!,1.0,Positive
9,9,9,663786990676596_664069423981686,632493333805962_664058260649469,,2017-12-15 09:48:31,0,0,0,0,0,0,0,0,Enough virtue signalling - get on with it,[],[],Enough virtue signalling get,"['Enough', 'virtue', 'signalling', 'get']","[u'enough', u'virtu', u'signal', u'get']",Enough virtue signalling - get on with it,0.0,Neutral
10,10,10,663786990676596_664080430647252,632493333805962_664058260649469,,2017-12-15 10:01:40,0,0,0,0,0,0,0,0,Word salad,[],[],Word salad,"['Word', 'salad']","[u'word', u'salad']",Word salad,0.0,Neutral
11,11,11,663786990676596_664069340648361,632493333805962_664058260649469,,2017-12-15 09:48:24,0,0,0,0,0,0,0,0,Bravo Canadian Tire !,[],[],Bravo Canadian Tire,"['Bravo', 'Canadian', 'Tire']","[u'bravo', u'canadian', u'tire']",Bravo Canadian Tire !,0.0,Neutral
12,12,12,663786990676596_664060887315873,632493333805962_664058260649469,,2017-12-15 09:35:09,0,0,0,0,0,0,0,0,Rien à entendre?,[],[],Rien entendre,"['Rien', 'entendre']","[u'rien', u'entendr']",Rien à entendre?,0.0,Neutral
13,13,13,663786990676596_664072703981358,632493333805962_664058260649469,,2017-12-15 09:52:26,0,0,0,0,0,0,0,0,Hi,[],[],Hi,['Hi'],['hi'],Hi,0.0,Neutral
14,14,14,663786990676596_664070133981615,632493333805962_664058260649469,,2017-12-15 09:49:21,0,0,0,0,0,0,0,0,Pouvez-vous donner plus de volume à votre son svp?,[],[],Pouvez vous donner plus de volume votre son svp,"['Pouvez', 'vous', 'donner', 'plus', 'de', 'volume', 'votre', 'son', 'svp']","[u'pouvez', u'vous', u'donner', u'plus', 'de', u'volum', u'votr', u'son', u'svp']",Pouvez-vous donner plus de volume à votre son svp?,0.0,Neutral
15,15,15,663786990676596_664111350644160,632493333805962_664058260649469,,2017-12-15 10:55:44,0,0,0,0,0,0,0,0,Can you help me,[],[],help,['help'],[u'help'],Can you help me,0.0,Neutral
16,16,16,663786990676596_664059573982671,632493333805962_664058260649469,,2017-12-15 09:32:34,0,0,0,0,0,0,0,0,hi Matt Horsman!,[],[],hi Matt Horsman,"['hi', 'Matt', 'Horsman']","['hi', u'matt', u'horsman']",hi Matt Horsman!,0.0,Neutral
17,17,17,663786990676596_664059897315972,632493333805962_664058260649469,,2017-12-15 09:33:14,1,1,0,0,0,0,0,0,Well hello Jesse Hitchcock! Fancy meeting you here...,[],[],Well hello Jesse Hitchcock Fancy meeting,"['Well', 'hello', 'Jesse', 'Hitchcock', 'Fancy', 'meeting']","[u'well', u'hello', u'jess', u'hitchcock', u'fanci', u'meet']",Well hello Jesse Hitchcock! Fancy meeting you here...,0.0,Neutral
18,18,18,663818704006758_664188300636465,632493333805962_663818704006758,,2017-12-15 14:02:13,1,1,0,0,0,0,0,0,"when are you and the entire Liberal team announcing you are all going since plant-based diets would help reduce emissions by +%? if is truly a crucial issue, then put personal actions behind your endless 'announcements' and 'commitments'","['#vegan', '#ClimateAction']",[],entire Liberal team announcing going since plant based diets would help reduce emissions truly crucial issue put personal actions behind endless announcements commitments,"['entire', 'Liberal', 'team', 'announcing', 'going', 'since', 'plant', 'based', 'diets', 'would', 'help', 'reduce', 'emissions', 'truly', 'crucial', 'issue', 'put', 'personal', 'actions', 'behind', 'endless', 'announcements', 'commitments']","[u'entir', u'liber', u'team', u'announc', u'go', u'sinc', u'plant', u'base', u'diet', u'would', u'help', u'reduc', u'emiss', u'truli', u'crucial', u'issu', u'put', u'person', u'action', u'behind', u'endless', u'announc', u'commit']","when are you and the entire Liberal team announcing you are all going #vegan since plant-based diets would help reduce emissions by 30+%? if #ClimateAction is truly a crucial issue, then put personal actions behind your endless 'announcements' and 'commitments'",-0.10500000000000001,Neutral
19,19,19,663206447401317_664188397303122,632493333805962_663206447401317,,2017-12-15 14:02:30,0,0,0,0,0,0,0,0,What is “renewable natural gas”?,[],[],renewable natural,"['renewable', 'natural']","[u'renew', u'natur']",What is “renewable natural gas”?,0.1,Neutral
20,20,20,663206447401317_665409007181061,632493333805962_663206447401317,663206447401317_664188397303122,2017-12-17 19:17:06,0,0,0,0,0,0,0,0,Methane from waste.,[],[],Methane waste,"['Methane', 'waste']","[u'methan', u'wast']",Methane from waste.,-0.2,Neutral
21,21,21,662218024166826_662502427471719,632493333805962_662218024166826,,2017-12-12 10:08:49,0,0,0,0,0,0,0,0,Exercise and Vitamin D Better Together for Heart Health [[SHARE]],[],['https://www.hopkinsmedicine.org/news/media/releases/exercise_and_vitamin_d_better_together_for_heart_health'],Exercise Vitamin Better Together Heart Health SHARE,"['Exercise', 'Vitamin', 'Better', 'Together', 'Heart', 'Health', 'SHARE']","[u'exercis', u'vitamin', u'better', u'togeth', u'heart', u'health', u'share']","Exercise and Vitamin D Better Together for Heart Health

https://www.hopkinsmedicine.org/news/media/releases/exercise_and_vitamin_d_better_together_for_heart_health [[SHARE]]",0.5,Positive
22,22,22,662218024166826_662503664138262,632493333805962_662218024166826,662218024166826_662502427471719,2017-12-12 10:10:45,1,1,0,0,0,0,0,0,"Vitamin D deficiency is reportedly common, but we lack data from young adults. Such data are of interest because epidemiological data support vitamin D as a possible risk modulator for diabetes and cardiovascular ('cardiometabolic') disease [[SHARE]]",[],['https://www.ncbi.nlm.nih.gov/pubmed/29222903'],Vitamin deficiency reportedly common lack data young adults data interest epidemiological data support vitamin possible risk modulator diabetes cardiovascular cardiometabolic disease SHARE,"['Vitamin', 'deficiency', 'reportedly', 'common', 'lack', 'data', 'young', 'adults', 'data', 'interest', 'epidemiological', 'data', 'support', 'vitamin', 'possible', 'risk', 'modulator', 'diabetes', 'cardiovascular', 'cardiometabolic', 'disease', 'SHARE']","[u'vitamin', u'defici', u'report', u'common', u'lack', u'data', u'young', u'adult', u'data', u'interest', u'epidemiolog', u'data', u'support', u'vitamin', u'possibl', u'risk', u'modul', u'diabet', u'cardiovascular', u'cardiometabol', u'diseas', u'share']","Vitamin D deficiency is reportedly common, but we lack data from young adults. Such data are of interest because epidemiological data support vitamin D as a possible risk modulator for diabetes and cardiovascular ('cardiometabolic') disease https://www.ncbi.nlm.nih.gov/pubmed/29222903 [[SHARE]]",-0.049999999999999996,Neutral
23,23,23,662218024166826_662519550803340,632493333805962_662218024166826,,2017-12-12 10:48:01,0,0,0,0,0,0,0,0,Fake news !,[],[],Fake news,"['Fake', 'news']","[u'fake', u'news']",Fake news !,-0.625,Negative
24,24,24,661403767581585_661495740905721,632493333805962_661403767581585,,2017-12-10 11:44:16,1,1,0,0,0,0,0,0,Our thanks to the Canadian Government for stepping up their game and pushing clean energy as a foundational piece to our trade policies.,[],[],thanks Canadian Government stepping game pushing clean energy foundational piece trade policies,"['thanks', 'Canadian', 'Government', 'stepping', 'game', 'pushing', 'clean', 'energy', 'foundational', 'piece', 'trade', 'policies']","[u'thank', u'canadian', u'govern', u'step', u'game', u'push', u'clean', u'energi', u'foundat', u'piec', u'trade', u'polici']",Our thanks to the Canadian Government for stepping up their game and pushing clean energy as  a foundational piece to our trade policies.,0.05555555555555556,Neutral
25,25,25,659802921075003_660430977678864,632493333805962_659802921075003,,2017-12-08 21:01:13,0,0,0,0,0,0,0,0,Great job Tim!,[],[],Great job Tim,"['Great', 'job', 'Tim']","[u'great', u'job', u'tim']",Great job Tim!,1.0,Positive
26,26,26,659802921075003_660438804344748,632493333805962_659802921075003,,2017-12-08 21:22:16,0,0,0,0,0,0,0,0,Boss level,[],[],Boss level,"['Boss', 'level']","[u'boss', u'level']",Boss level,0.0,Neutral
27,27,27,659802921075003_660440771011218,632493333805962_659802921075003,,2017-12-08 21:28:49,0,0,0,0,0,0,0,0,Wicked bro!!! Proud moment!!,[],[],Wicked bro Proud moment,"['Wicked', 'bro', 'Proud', 'moment']","[u'wick', u'bro', u'proud', u'moment']",Wicked bro!!! Proud moment!! 😁👍,1.0,Positive
28,28,28,659802921075003_660615030993792,632493333805962_659802921075003,,2017-12-09 06:30:19,0,0,0,0,0,0,0,0,Nice!!!,[],[],Nice,['Nice'],[u'nice'],Nice!!!,1.0,Positive
29,29,29,659802921075003_661596057562356,632493333805962_659802921075003,,2017-12-10 15:39:31,1,0,0,0,1,0,0,0,Little does she know he loves pro wrestling and plays in a metal band....... John Simon Fallon,[],[],Little know loves pro wrestling plays metal band John Simon Fallon,"['Little', 'know', 'loves', 'pro', 'wrestling', 'plays', 'metal', 'band', 'John', 'Simon', 'Fallon']","[u'littl', u'know', u'love', u'pro', u'wrestl', u'play', u'metal', u'band', u'john', u'simon', u'fallon']",Little does she know he loves pro wrestling and plays in a metal band....... John Simon Fallon,-0.1875,Neutral
30,30,30,659802921075003_661628000892495,632493333805962_659802921075003,659802921075003_661596057562356,2017-12-10 17:01:08,0,0,0,0,0,0,0,0,Its the government. They already know,[],[],government already know,"['government', 'already', 'know']","[u'govern', u'alreadi', u'know']",Its the government. They already know,0.0,Neutral
31,31,31,659802921075003_661653364223292,632493333805962_659802921075003,659802921075003_661596057562356,2017-12-10 18:30:06,0,0,0,0,0,0,0,0,true..... old white men...,[],[],true old white men,"['true', 'old', 'white', 'men']","[u'true', u'old', u'white', u'men']",true.....  old white men...,0.15,Neutral
32,32,32,659802921075003_661963367525625,632493333805962_659802921075003,,2017-12-11 09:18:08,0,0,0,0,0,0,0,0,Wooo! Good job Tim!,[],[],Wooo Good job Tim,"['Wooo', 'Good', 'job', 'Tim']","[u'wooo', u'good', u'job', u'tim']",Wooo! Good job Tim!,0.875,Positive
33,33,33,659183624470266_659634864425142,632493333805962_659183624470266,,2017-12-07 10:50:40,0,0,0,0,0,0,0,0,Bombardier is best in technology and creating new inventions to reduce pollution,[],[],Bombardier best technology creating new inventions reduce pollution,"['Bombardier', 'best', 'technology', 'creating', 'new', 'inventions', 'reduce', 'pollution']","[u'bombardi', u'best', u'technolog', u'creat', u'new', u'invent', u'reduc', u'pollut']",Bombardier is best in technology and creating new inventions to reduce pollution,0.5681818181818181,Positive
34,34,34,655615324827096_656223208099641,632493333805962_655615324827096,,2017-12-01 17:52:19,2,2,0,0,0,0,0,0,Jenna Shervill!,[],[],Jenna Shervill,"['Jenna', 'Shervill']","[u'jenna', u'shervil']",Jenna Shervill!,0.0,Neutral
35,35,35,654037424984886_654294931625802,632493333805962_654037424984886,,2017-11-28 05:20:24,0,0,0,0,0,0,0,0,Great to recognize this guys achievements. However what is the point when we shift our trade to countries that have little to no human rights and no regard at all for environment with zero pollution controls! It's giving with one hand and roping it back with the other!?,[],[],Great recognize guys achievements However point shift trade countries little human rights regard environment zero pollution controls giving one hand roping back,"['Great', 'recognize', 'guys', 'achievements', 'However', 'point', 'shift', 'trade', 'countries', 'little', 'human', 'rights', 'regard', 'environment', 'zero', 'pollution', 'controls', 'giving', 'one', 'hand', 'roping', 'back']","[u'great', u'recogn', u'guy', u'achiev', u'howev', u'point', u'shift', u'trade', u'countri', u'littl', u'human', u'right', u'regard', u'environ', u'zero', u'pollut', u'control', u'give', u'one', u'hand', u'rope', u'back']",Great to recognize this guys achievements. However what is the point when we shift our trade to countries that have little to no human rights and no regard at all for environment with zero pollution controls! It's giving with one hand and roping it back with the other!?,0.09125000000000001,Neutral
36,36,36,652440791811216_654439914944637,632493333805962_652440791811216,,2017-11-28 09:57:23,0,0,0,0,0,0,0,0,yes I...,[],[],yes,['yes'],[u'yes'],yes I...,0.0,Neutral
37,37,37,651779198544042_651826738539288,632493333805962_651779198544042,,2017-11-23 14:47:20,0,0,0,0,0,0,0,0,not sure who controls the pan and zoom but it would be beneficial to us watching to see the presentation too,[],[],sure controls pan zoom would beneficial us watching see presentation,"['sure', 'controls', 'pan', 'zoom', 'would', 'beneficial', 'us', 'watching', 'see', 'presentation']","[u'sure', u'control', u'pan', u'zoom', u'would', u'benefici', 'us', u'watch', u'see', u'present']",not sure who controls the pan and zoom but it would be beneficial to us watching to see the presentation too,-0.25,Neutral
38,38,38,651674615221167_651718878550074,632493333805962_651674615221167,,2017-11-23 10:54:12,0,0,0,0,0,0,0,0,Thank you Catherine McKenna for representing us all in Canada.,[],[],Thank Catherine McKenna representing us Canada,"['Thank', 'Catherine', 'McKenna', 'representing', 'us', 'Canada']","[u'thank', u'catherin', u'mckenna', u'repres', 'us', u'canada']",Thank you Catherine McKenna for representing us all in Canada.,0.0,Neutral
39,39,39,651674615221167_651826971872598,632493333805962_651674615221167,651674615221167_651718878550074,2017-11-23 14:47:59,0,0,0,0,0,0,0,0,Time to take your meds Barby !!,[],[],Time take meds Barby,"['Time', 'take', 'meds', 'Barby']","[u'time', u'take', u'med', u'barbi']",Time to take your meds Barby !!,0.0,Neutral
40,40,40,651674615221167_651895551865740,632493333805962_651674615221167,651674615221167_651718878550074,2017-11-23 17:01:43,0,0,0,0,0,0,0,0,I sure hope your not serious,[],[],sure hope your not serious,"['sure', 'hope', 'your', 'not', 'serious']","[u'sure', u'hope', u'your', u'not', u'serious']",I sure hope your not serious,0.3333333333333333,Positive
41,41,41,651674615221167_651930991862196,632493333805962_651674615221167,651674615221167_651718878550074,2017-11-23 18:57:50,0,0,0,0,0,0,0,0,She does NOT represent me!,[],[],represent,['represent'],[u'repres'],She does NOT represent me!,0.0,Neutral
42,42,42,651674615221167_652282918493670,632493333805962_651674615221167,651674615221167_651718878550074,2017-11-24 10:13:25,2,2,0,0,0,0,0,0,She only represents the mindless sheeple of selfie boy,[],[],represents mindless sheeple selfie boy,"['represents', 'mindless', 'sheeple', 'selfie', 'boy']","[u'repres', u'mindless', u'sheepl', u'selfi', u'boy']",She only represents the mindless sheeple of selfie boy,-0.1,Neutral
43,43,43,651674615221167_651905935198035,632493333805962_651674615221167,,2017-11-23 17:32:29,1,1,0,0,0,0,0,0,"What a waste of air, she should not be any kind of representative for the Canadian people, total failure",[],[],waste air kind representative Canadian people total failure,"['waste', 'air', 'kind', 'representative', 'Canadian', 'people', 'total', 'failure']","[u'wast', u'air', u'kind', u'repres', u'canadian', u'peopl', u'total', u'failur']","What a waste of air, she should not be any kind of representative for the Canadian people, total failure",0.020833333333333315,Neutral
44,44,44,651674615221167_652118408510121,632493333805962_651674615221167,,2017-11-24 03:18:53,1,1,0,0,0,0,0,0,Someone should teach climate Barbie to only open her mouth when a man feeds it,[],[],Someone teach climate Barbie open mouth man feeds,"['Someone', 'teach', 'climate', 'Barbie', 'open', 'mouth', 'man', 'feeds']","[u'someon', u'teach', u'climat', u'barbi', u'open', u'mouth', u'man', u'feed']",Someone should teach climate Barbie to only open her mouth when a man feeds it,0.0,Neutral
45,45,45,651674615221167_651931935195435,632493333805962_651674615221167,,2017-11-23 19:02:13,1,1,0,0,0,0,0,0,More rhetoric from climate Barbie.,[],[],rhetoric climate Barbie,"['rhetoric', 'climate', 'Barbie']","[u'rhetor', u'climat', u'barbi']",More rhetoric from climate Barbie.,0.5,Positive
46,46,46,651674615221167_654005451654750,632493333805962_651674615221167,,2017-11-27 15:30:58,0,0,0,0,0,0,0,0,Catherine McKenna quick question how do you heat your house?,[],[],Catherine McKenna quick question heat house,"['Catherine', 'McKenna', 'quick', 'question', 'heat', 'house']","[u'catherin', u'mckenna', u'quick', u'question', u'heat', u'hous']",Catherine McKenna  quick question how do you heat your house?,0.3333333333333333,Positive
47,47,47,651674615221167_651913111863984,632493333805962_651674615221167,,2017-11-23 18:03:36,0,0,0,0,0,0,0,0,lmao wow. What a waste of air time.,[],[],lmao wow waste air time,"['lmao', 'wow', 'waste', 'air', 'time']","[u'lmao', u'wow', u'wast', u'air', u'time']",lmao wow. What a waste of air time.,0.16666666666666666,Neutral
48,48,48,651674615221167_651779951877300,632493333805962_651674615221167,,2017-11-23 13:28:10,1,1,0,0,0,0,0,0,She is a waste of time,[],[],waste time,"['waste', 'time']","[u'wast', u'time']",She is a waste of time,-0.2,Neutral
49,49,49,651674615221167_652560311799264,632493333805962_651674615221167,,2017-11-24 23:41:49,0,0,0,0,0,0,0,0,She doesn’t represent me,[],[],represent,['represent'],[u'repres'],She doesn’t represent me,0.0,Neutral
50,50,50,651674615221167_652479541807341,632493333805962_651674615221167,,2017-11-24 18:26:33,0,0,0,0,0,0,0,0,,[],['https://www.facebook.com/groups/1477995152508354?view=permalink&id=1730736427234224'],,['nan'],[u'nan'],https://www.facebook.com/groups/1477995152508354?view=permalink&id=1730736427234224,0.0,Neutral
51,51,51,651674615221167_653588021696493,632493333805962_651674615221167,,2017-11-26 21:20:48,0,0,0,0,0,0,0,0,Thanks Climate Barbie,[],[],Thanks Climate Barbie,"['Thanks', 'Climate', 'Barbie']","[u'thank', u'climat', u'barbi']",Thanks Climate Barbie,0.2,Neutral
52,52,52,651674615221167_652322621823033,632493333805962_651674615221167,,2017-11-24 11:30:25,0,0,0,0,0,0,0,0,She's an idiot !,[],[],idiot,['idiot'],[u'idiot'],She's an idiot !,-1.0,Negative
53,53,53,651674615221167_651905458531416,632493333805962_651674615221167,,2017-11-23 17:30:19,0,0,0,0,0,0,0,0,You are an idiot,[],[],idiot,['idiot'],[u'idiot'],You are an idiot,-0.8,Negative
54,54,54,651674615221167_653308485057780,632493333805962_651674615221167,,2017-11-26 09:07:04,0,0,0,0,0,0,0,0,Respect please!,[],[],Respect please,"['Respect', 'please']","[u'respect', u'pleas']",Respect please! :-),0.5,Positive
55,55,55,650233905365238_651102788611683,632493333805962_650233905365238,,2017-11-22 07:44:18,0,0,0,0,0,0,0,0,Su ThiKhaing here,[],[],Su ThiKhaing,"['Su', 'ThiKhaing']","['su', u'thikha']",Su ThiKhaing here,0.0,Neutral
56,56,56,650044275384201_650054935383135,632493333805962_650044275384201,,2017-11-20 10:19:08,4,4,0,0,0,0,0,0,glad two people from opposite parties are working together!,[],[],glad two people opposite parties working together,"['glad', 'two', 'people', 'opposite', 'parties', 'working', 'together']","[u'glad', u'two', u'peopl', u'opposit', u'parti', u'work', u'togeth']",glad two people from opposite parties are working together!,0.25,Neutral
57,57,57,650044275384201_650149055373723,632493333805962_650044275384201,,2017-11-20 12:52:00,1,1,0,0,0,0,0,0,"This has been inspiring - former PM Brian Mulroney's and Minister Catherine McKenna's words reminded me of the role that small town's and rural communities played and continue to play in a sustainable future for our planet. As the mayor of the Town of Prescott in the 's and past and present participant in the movement toward a balanced and vigorous approach to sustainability it was an honour in the Canada C3 eedition. With my colleagues, I look forward to hearing Minister MacKenna's address at the Scaling Up conference on the bioeconomy in Ottawa next week and being further inspired!!",[],[],inspiring former PM Brian Mulroney Minister Catherine McKenna words reminded role small town rural communities played continue play sustainable future planet mayor Town Prescott past present participant movement toward balanced vigorous approach sustainability honour Canada C3 eedition colleagues look forward hearing Minister MacKenna address Scaling conference bioeconomy Ottawa next week inspired,"['inspiring', 'former', 'PM', 'Brian', 'Mulroney', 'Minister', 'Catherine', 'McKenna', 'words', 'reminded', 'role', 'small', 'town', 'rural', 'communities', 'played', 'continue', 'play', 'sustainable', 'future', 'planet', 'mayor', 'Town', 'Prescott', 'past', 'present', 'participant', 'movement', 'toward', 'balanced', 'vigorous', 'approach', 'sustainability', 'honour', 'Canada', 'C3', 'eedition', 'colleagues', 'look', 'forward', 'hearing', 'Minister', 'MacKenna', 'address', 'Scaling', 'conference', 'bioeconomy', 'Ottawa', 'next', 'week', 'inspired']","[u'inspir', u'former', 'pm', u'brian', u'mulroney', u'minist', u'catherin', u'mckenna', u'word', u'remind', u'role', u'small', u'town', u'rural', u'communiti', u'play', u'continu', u'play', u'sustain', u'futur', u'planet', u'mayor', u'town', u'prescott', u'past', u'present', u'particip', u'movement', u'toward', u'balanc', u'vigor', u'approach', u'sustain', u'honour', u'canada', 'c3', u'eedit', u'colleagu', u'look', u'forward', u'hear', u'minist', u'mackenna', u'address', u'scale', u'confer', u'bioeconomi', u'ottawa', u'next', u'week', u'inspir']","This has been inspiring - former PM Brian Mulroney's and Minister Catherine McKenna's words reminded me  of the role that small town's and rural communities played and continue to play in a sustainable future for our planet.  As the mayor of the Town of Prescott in the 1980's and past and present participant in the movement toward a balanced and vigorous approach to sustainability it was an honour in the Canada C3 expedition. With my colleagues, I look forward to hearing Minister MacKenna's address at  the Scaling Up 2017 conference on the bioeconomy in Ottawa next week and being further inspired!!",0.0,Neutral
58,58,58,650044275384201_650062152049080,632493333805962_650044275384201,,2017-11-20 10:30:35,2,2,0,0,0,0,0,0,"If Canada is ALL-IN on climate change then get rid of fossil-fuel subsidies, as promised by many countries in . Put the MONEY behind the talk. Be an example to the world. Zero fossil fuel subsidies. They are a GIFT to fossil-fuel companies. They make no sense now...am I missing something?????",[],[],Canada climate change get rid fossil fuel subsidies promised many countries Put MONEY behind talk example world Zero fossil fuel subsidies GIFT fossil fuel companies make sense missing something,"['Canada', 'climate_change', 'get', 'rid', 'fossil', 'fuel', 'subsidies', 'promised', 'many', 'countries', 'Put', 'MONEY', 'behind', 'talk', 'example', 'world', 'Zero', 'fossil', 'fuel', 'subsidies', 'GIFT', 'fossil', 'fuel', 'companies', 'make', 'sense', 'missing', 'something']","[u'canada', u'climate_chang', u'get', u'rid', u'fossil', u'fuel', u'subsidi', u'promis', u'mani', u'countri', u'put', u'money', u'behind', u'talk', u'exampl', u'world', u'zero', u'fossil', u'fuel', u'subsidi', u'gift', u'fossil', u'fuel', u'compani', u'make', u'sens', u'miss', u'someth']","If Canada is ALL-IN on climate change then get rid of fossil-fuel subsidies, as promised by many countries in 2009. Put the MONEY behind the talk. Be an example to the world. Zero fossil fuel subsidies. They are a GIFT to fossil-fuel companies. They make no sense now...am I missing something?????",-0.03333333333333335,Neutral
59,59,59,650044275384201_650067868715175,632493333805962_650044275384201,,2017-11-20 10:40:22,2,2,0,0,0,0,0,0,Bailike Ma,[],[],Bailike,['Bailike'],[u'bailik'],Bailike Ma,0.0,Neutral
60,60,60,650044275384201_650117525376876,632493333805962_650044275384201,650044275384201_650067868715175,2017-11-20 11:47:41,0,0,0,0,0,0,0,0,,[],[],,['nan'],[u'nan'],😁,0.0,Neutral
61,61,61,650044275384201_650076038714358,632493333805962_650044275384201,,2017-11-20 10:53:23,0,0,0,0,0,0,0,0,"This is something to celebrate. I hope it provides opportunities to shorten the timeline for the Kigali Amendment, and to tell world that replacing the current generation of refrigerants is the most powerful way to fight global warming!",[],[],something celebrate hope provides opportunities shorten timeline Kigali Amendment tell world replacing current generation refrigerants powerful way fight global warming,"['something', 'celebrate', 'hope', 'provides', 'opportunities', 'shorten', 'timeline', 'Kigali', 'Amendment', 'tell', 'world', 'replacing', 'current', 'generation', 'refrigerants', 'powerful', 'way', 'fight', 'global', 'warming']","[u'someth', u'celebr', u'hope', u'provid', u'opportun', u'shorten', u'timelin', u'kigali', u'amend', u'tell', u'world', u'replac', u'current', u'generat', u'refriger', u'power', u'way', u'fight', u'global', u'warm']","This is something to celebrate. I hope it provides opportunities to shorten the timeline for the Kigali Amendment, and to tell world that replacing the current generation of refrigerants is the most powerful way to fight global warming!",0.2,Neutral
62,62,62,650044275384201_650064018715560,632493333805962_650044275384201,,2017-11-20 10:34:00,0,0,0,0,0,0,0,0,"The humans hurted the earth and the earth will hurt us ,this.is became normal.since.we.can.see changes happen all over the world disasters .... so only humans can solve this problems with big.excuses to our mother earth ......",[],[],humans hurted earth earth hurt us became normal since see changes happen world disasters humans solve problems big excuses mother earth,"['humans', 'hurted', 'earth', 'earth', 'hurt', 'us', 'became', 'normal', 'since', 'see', 'changes', 'happen', 'world', 'disasters', 'humans', 'solve', 'problems', 'big', 'excuses', 'mother', 'earth']","[u'human', u'hurt', u'earth', u'earth', u'hurt', 'us', u'becam', u'normal', u'sinc', u'see', u'chang', u'happen', u'world', u'disast', u'human', u'solv', u'problem', u'big', u'excus', u'mother', u'earth']","The humans hurted the earth and the earth will hurt us ,this.is became normal.since.we.can.see changes happen all over the world disasters .... so only humans can solve this problems with big.excuses to our mother earth ......",0.0,Neutral
63,63,63,650044275384201_650692911986004,632493333805962_650044275384201,,2017-11-21 12:44:33,0,0,0,0,0,0,0,0,P379984130p3841571 canada/Russia American I around proud aspberg syndromes. _Caustic syndromes I am of legal parent. Yolanda/Frankie Durncell legalfarthers onreceipts and legal Mothers Mary Ann Stevenson-of if Samberg aspatient jazmine icis Blackheart Adams William's. My son's get there own sex.partners it's I world right underneath us I peace bells in sky!!!!!!!,[],[],P379984130p3841571 canada Russia American around proud aspberg syndromes syndromes legal parent Yolanda Frankie Durncell legalfarthers onreceipts legal Mothers Mary Ann Stevenson Samberg aspatient jazmine icis Blackheart Adams William son get sex partners world right underneath us peace bells sky,"['P379984130p3841571', 'canada', 'Russia', 'American', 'around', 'proud', 'aspberg', 'syndromes', 'syndromes', 'legal', 'parent', 'Yolanda', 'Frankie', 'Durncell', 'legalfarthers', 'onreceipts', 'legal', 'Mothers', 'Mary', 'Ann', 'Stevenson', 'Samberg', 'aspatient', 'jazmine', 'icis', 'Blackheart', 'Adams', 'William', 'son', 'get', 'sex', 'partners', 'world', 'right', 'underneath', 'us', 'peace', 'bells', 'sky']","[u'p379984130p3841571', u'canada', u'russia', u'american', u'around', u'proud', u'aspberg', u'syndrom', u'syndrom', u'legal', u'parent', u'yolanda', u'franki', u'durncel', u'legalfarth', u'onreceipt', u'legal', u'mother', u'mari', u'ann', u'stevenson', u'samberg', u'aspati', u'jazmin', u'ici', u'blackheart', u'adam', u'william', u'son', u'get', u'sex', u'partner', u'world', u'right', u'underneath', 'us', u'peac', u'bell', u'sky']",P379984130p3841571 canada/Russia American I around  proud  aspberg syndromes. _Caustic syndromes  I am of legal parent.    Yolanda/Frankie Durncell legalfarthers onreceipts and legal Mothers Mary Ann Stevenson-of  if Samberg  asp=patient jazmine icis Blackheart Adams William's. My son's get there own sex.partners it's  2017 I world right underneath us I peace bells in sky!!!!!!!,0.34285714285714286,Positive
64,64,64,650044275384201_650068252048470,632493333805962_650044275384201,,2017-11-20 10:41:01,2,2,0,0,0,0,0,0,Keep it up!,[],[],Keep,['Keep'],[u'keep'],Keep it up!,0.0,Neutral
65,65,65,650044275384201_650103952044900,632493333805962_650044275384201,,2017-11-20 11:20:01,0,0,0,0,0,0,0,0,"Thank You all for your work,I know it was hard,competing against evil and their partners...I Love You...",[],[],Thank work know hard competing evil partners Love,"['Thank', 'work', 'know', 'hard', 'competing', 'evil', 'partners', 'Love']","[u'thank', u'work', u'know', u'hard', u'compet', u'evil', u'partner', u'love']","Thank You all for your work,I know it was hard,competing against evil and their partners...I Love You...",-0.25,Neutral
66,66,66,650044275384201_650049772050318,632493333805962_650044275384201,,2017-11-20 10:15:27,1,1,0,0,0,0,0,0,,[],[],,['nan'],[u'nan'],📌,0.0,Neutral
67,67,67,650044275384201_650061632049132,632493333805962_650044275384201,,2017-11-20 10:29:41,1,1,0,0,0,0,0,0,,[],[],,['nan'],[u'nan'],👍,0.0,Neutral
68,68,68,650044275384201_650062628715699,632493333805962_650044275384201,,2017-11-20 10:31:22,1,1,0,0,0,0,0,0,Watching from Prince Albert Saskatchewan...,[],[],Watching Prince Albert Saskatchewan,"['Watching', 'Prince', 'Albert', 'Saskatchewan']","[u'watch', u'princ', u'albert', u'saskatchewan']",Watching from Prince Albert Saskatchewan...,0.0,Neutral
69,69,69,650044275384201_650758121979483,632493333805962_650044275384201,,2017-11-21 15:16:14,0,0,0,0,0,0,0,0,Omg .mr brian the ex pm of canada.i remember him when I was listening to radio canada the Arabic part.it was of my dreams stay at Canada. But for sorry it didn't,[],[],Omg mr brian ex pm canada remember listening radio canada Arabic part dreams stay Canada sorry,"['Omg', 'mr', 'brian', 'ex', 'pm', 'canada', 'remember', 'listening', 'radio', 'canada', 'Arabic', 'part', 'dreams', 'stay', 'Canada', 'sorry']","[u'omg', 'mr', u'brian', 'ex', 'pm', u'canada', u'rememb', u'listen', u'radio', u'canada', u'arab', u'part', u'dream', u'stay', u'canada', u'sorri']",Omg .mr brian the ex pm of canada.i remember him when I was listening to radio canada the Arabic part.it was of my dreams stay at Canada. But for sorry it didn't,-0.5,Negative
70,70,70,650044275384201_650863825302246,632493333805962_650044275384201,,2017-11-21 20:33:12,0,0,0,0,0,0,0,0,"Félicitation Nathalie, je suis fière de toi !!",[],[],licitation Nathalie je suis de toi,"['licitation', 'Nathalie', 'je', 'suis', 'de', 'toi']","[u'licit', u'nathali', 'je', u'sui', 'de', u'toi']","Félicitation Nathalie, je suis fière de toi !!",0.0,Neutral
71,71,71,650044275384201_650548942000401,632493333805962_650044275384201,,2017-11-21 07:04:02,0,0,0,0,0,0,0,0,very good !,[],[],good,['good'],[u'good'],very good !,1.0,Positive
72,72,72,650019872053308_650053492049946,632493333805962_650019872053308,,2017-11-20 10:16:32,0,0,0,0,0,0,0,0,"all peoples in Canada, native and newcomer nations descendants instruct the federal government to reign in power of CANADIAN NUCLEAR ASSESSEMENT AGENCY permitting liquid radioactive waste transfers to USA - the City of Montreal and Mohawk peoples and many municipalities in QC unanimously spoke against this with resolution s. See ""Rencontres Historiques Ville de Montréal et Conseil Traditionnel Mohawk - we.ismenetoussaint.com For English scroll down in French version",[],[],peoples Canada native newcomer nations descendants instruct federal government reign power CANADIAN NUCLEAR ASSESSEMENT AGENCY permitting liquid radioactive waste transfers USA City Montreal Mohawk peoples many municipalities QC unanimously spoke resolution See Rencontres Historiques Ville de al et Conseil Traditionnel Mohawk ismenetoussaint com English scroll French version,"['peoples', 'Canada', 'native', 'newcomer', 'nations', 'descendants', 'instruct', 'federal', 'government', 'reign', 'power', 'CANADIAN', 'NUCLEAR', 'ASSESSEMENT', 'AGENCY', 'permitting', 'liquid', 'radioactive', 'waste', 'transfers', 'USA', 'City', 'Montreal', 'Mohawk', 'peoples', 'many', 'municipalities', 'QC', 'unanimously', 'spoke', 'resolution', 'See', 'Rencontres', 'Historiques', 'Ville', 'de', 'al', 'et', 'Conseil', 'Traditionnel', 'Mohawk', 'ismenetoussaint', 'com', 'English', 'scroll', 'French', 'version']","[u'peopl', u'canada', u'nativ', u'newcom', u'nation', u'descend', u'instruct', u'feder', u'govern', u'reign', u'power', u'canadian', u'nuclear', u'assess', u'agenc', u'permit', u'liquid', u'radioact', u'wast', u'transfer', u'usa', u'citi', u'montreal', u'mohawk', u'peopl', u'mani', u'municip', 'qc', u'unanim', u'spoke', u'resolut', u'see', u'rencontr', u'historiqu', u'vill', 'de', 'al', 'et', u'conseil', u'traditionnel', u'mohawk', u'ismenetoussaint', u'com', u'english', u'scroll', u'french', u'version']","all peoples in Canada, native and newcomer nations descendants instruct the federal government to reign in power of CANADIAN NUCLEAR ASSESSEMENT AGENCY permitting liquid radioactive waste transfers to USA - the City of Montreal and Mohawk peoples and many municipalities in QC unanimously spoke against this with resolution s. See ""Rencontres Historiques Ville de Montréal et Conseil Traditionnel Mohawk - we.ismenetoussaint.com

For English scroll down in French  version",0.02888888888888888,Neutral
73,73,73,650019872053308_650056005383028,632493333805962_650019872053308,,2017-11-20 10:20:54,0,0,0,0,0,0,0,0,"See what former Japanese PM who had to oversee Fukushima disaster says in French in Paris about urgent need to say no to nuclear energy - RAYMOND-STONE IWAASA, LIAISON SCIENTIFIQUE, CONSEIL TRADITIONNEL KAIENKÈHAKA, (KANADA) cell - -514-622-1443 PAROLES DE PAIX EN TERRE AUTOCHTONE, ÉDITIONS LE JOUR, , MONTRÉAL-PARIS Ouverture, MME. BALVET, ANCIEN PM N. KAN (JAPON) et myself doing borrowed Mohawk opening,",[],['https://www.youtube.com/watch?v=NYDCewnCL6k'],See former Japanese PM oversee Fukushima disaster says French Paris urgent need say nuclear energy RAYMOND STONE IWAASA LIAISON SCIENTIFIQUE CONSEIL TRADITIONNEL HAKA KANADA cell 514 622 1443 PAROLES DE PAIX EN TERRE AUTOCHTONE DITIONS LE JOUR AL PARIS Ouverture MME BALVET ANCIEN PM KAN JAPON et borrowed Mohawk opening,"['See', 'former', 'Japanese', 'PM', 'oversee', 'Fukushima', 'disaster', 'says', 'French', 'Paris', 'urgent', 'need', 'say', 'nuclear', 'energy', 'RAYMOND', 'STONE', 'IWAASA', 'LIAISON', 'SCIENTIFIQUE', 'CONSEIL', 'TRADITIONNEL', 'HAKA', 'KANADA', 'cell', '514', '622', '1443', 'PAROLES', 'DE', 'PAIX', 'EN', 'TERRE', 'AUTOCHTONE', 'DITIONS', 'LE', 'JOUR', 'AL', 'PARIS', 'Ouverture', 'MME', 'BALVET', 'ANCIEN', 'PM', 'KAN', 'JAPON', 'et', 'borrowed', 'Mohawk', 'opening']","[u'see', u'former', u'japanes', 'pm', u'overse', u'fukushima', u'disast', u'say', u'french', u'pari', u'urgent', u'need', u'say', u'nuclear', u'energi', u'raymond', u'stone', u'iwaasa', u'liaison', u'scientifiqu', u'conseil', u'traditionnel', u'haka', u'kanada', u'cell', u'514', u'622', u'1443', u'parol', 'de', u'paix', 'en', u'terr', u'autochton', u'dition', 'le', u'jour', 'al', u'pari', u'ouvertur', u'mme', u'balvet', u'ancien', 'pm', u'kan', u'japon', 'et', u'borrow', u'mohawk', u'open']","See what former Japanese PM who had to oversee Fukushima disaster says in French in Paris about urgent need to say no to nuclear energy - RAYMOND-STONE IWAASA, LIAISON SCIENTIFIQUE, CONSEIL TRADITIONNEL KAIENKÈHAKA, (KANADA) cell - 1-514-622-1443
PAROLES DE PAIX EN TERRE AUTOCHTONE, ÉDITIONS LE JOUR, 2016, MONTRÉAL-PARIS  

https://www.youtube.com/watch?v=NYDCewnCL6k    Ouverture, MME. BALVET, ANCIEN  PM N. KAN  (JAPON) et myself doing borrowed Mohawk opening,",0.0,Neutral
74,74,74,648707115517917_650109705377658,632493333805962_648707115517917,,2017-11-20 11:31:32,1,1,0,0,0,0,0,0,Ethan Henry....how amazing is Annie?!!! So proud!,[],[],Ethan Henry amazing Annie proud,"['Ethan', 'Henry', 'amazing', 'Annie', 'proud']","[u'ethan', u'henri', u'amaz', u'anni', u'proud']",Ethan Henry....how amazing is Annie?!!!  So proud!,1.0,Positive
75,75,75,648707115517917_651889705199658,632493333805962_648707115517917,,2017-11-23 16:38:13,0,0,0,0,0,0,0,0,Good work .,[],[],Good work,"['Good', 'work']","[u'good', u'work']",Good work .😌😌,0.7,Positive
76,76,76,647726192282676_647726795615949,632493333805962_647726192282676,,2017-11-16 06:45:50,0,0,0,0,0,0,0,0,Sorry to hear that. I was tuning in from home. Good luck with the event!! 🇨🇦,[],[],Sorry hear tuning home Good luck event,"['Sorry', 'hear', 'tuning', 'home', 'Good', 'luck', 'event']","[u'sorri', u'hear', u'tune', u'home', u'good', u'luck', u'event']",Sorry to hear that. I was tuning in from home. Good luck with the event!! 🇨🇦🌎🌱,0.25,Neutral
77,77,77,647696102285685_647726098949352,632493333805962_647696102285685,,2017-11-16 06:43:42,0,0,0,0,0,0,0,0,"Apologies. Due to technical difficulties, we can no longer provide live streaming.",[],[],Apologies Due technical difficulties longer provide live streaming,"['Apologies', 'Due', 'technical', 'difficulties', 'longer', 'provide', 'live', 'streaming']","[u'apolog', u'due', u'technic', u'difficulti', u'longer', u'provid', u'live', u'stream']","Apologies. Due to technical difficulties, we can no longer provide live streaming.",0.0037878787878787845,Neutral
78,78,78,644353892619906_650127525375876,632493333805962_644353892619906,,2017-11-20 12:11:12,0,0,0,0,0,0,0,0,,[],[],,['nan'],[u'nan'],👍,0.0,Neutral
