,Unnamed: 0,Unnamed: 0.1,comment_id,status_id,parent_id,comment_published,num_reactions,num_likes,num_loves,num_wows,num_hahas,num_sads,num_angrys,num_special,comment_message_cleaned,hashtags,urls,text_filtered,text_tokenized,text_stemmed,text_original,text_sentiment_original_scores,text_sentiment_original_scores_type
0,0,0,968895789931382_971086149712346,123326971154939_968895789931382,,2018-01-02 09:23:13,1,1,0,0,0,0,0,0,I can’t wait to watch again!,[],[],wait watch,"['wait', 'watch']","[u'wait', u'watch']",I can’t wait to watch again!,0.0,Neutral
1,1,1,965272193627075_965473630273598,123326971154939_965272193627075,,2017-12-22 22:50:25,0,0,0,0,0,0,0,0,Is the knowledge exchange planned for this space intended to be only between scientists?,[],[],knowledge exchange planned space intended scientists,"['knowledge', 'exchange', 'planned', 'space', 'intended', 'scientists']","[u'knowledg', u'exchang', u'plan', u'space', u'intend', u'scientist']",Is the knowledge exchange planned for this space intended to be only between scientists?,0.0,Neutral
2,2,2,965272193627075_968881566599471,123326971154939_965272193627075,965272193627075_965473630273598,2017-12-29 11:54:50,0,0,0,0,0,0,0,0,"It's a space where Inuit and scientists, as well as Elders and youth, will have the opportunity to meet, discuss, and exchange ideas on various topics including scientific knowledge.",[],[],space Inuit scientists well Elders youth opportunity meet discuss exchange ideas various topics including scientific knowledge,"['space', 'Inuit', 'scientists', 'well', 'Elders', 'youth', 'opportunity', 'meet', 'discuss', 'exchange', 'ideas', 'various', 'topics', 'including', 'scientific', 'knowledge']","[u'space', u'inuit', u'scientist', u'well', u'elder', u'youth', u'opportun', u'meet', u'discuss', u'exchang', u'idea', u'various', u'topic', u'includ', u'scientif', u'knowledg']","It's a space where Inuit and scientists, as well as Elders and youth, will have the opportunity to meet, discuss, and exchange ideas on various topics including scientific knowledge.",0.0,Neutral
3,3,3,965272193627075_965493950271566,123326971154939_965272193627075,,2017-12-23 00:04:19,0,0,0,0,0,0,0,0,Coool,[],[],Coool,['Coool'],[u'coool'],Coool,0.0,Neutral
4,4,4,964756970345264_966139420207019,123326971154939_964756970345264,,2017-12-24 06:29:13,0,0,0,0,0,0,0,0,"Great! Now why don’t you build some? Justin’s $200,000 trip to see a lobbiest, I mean old family friend, could have may be helped some people for the rest of their lives. Sophie probably needed the break though, it’s hard raising three kids with only two nannies.",[],[],Great build 200 000 trip see lobbiest mean old family friend could may helped people rest lives Sophie probably needed break though hard raising three kids two nannies,"['Great', 'build', '200', '000', 'trip', 'see', 'lobbiest', 'mean', 'old', 'family', 'friend', 'could', 'may', 'helped', 'people', 'rest', 'lives', 'Sophie', 'probably', 'needed', 'break', 'though', 'hard', 'raising', 'three', 'kids', 'two', 'nannies']","[u'great', u'build', u'200', u'000', u'trip', u'see', u'lobbiest', u'mean', u'old', u'famili', u'friend', u'could', u'may', u'help', u'peopl', u'rest', u'live', u'sophi', u'probabl', u'need', u'break', u'though', u'hard', u'rais', u'three', u'kid', u'two', u'nanni']","Great!  Now why don’t you build some?  Justin’s $200,000 trip to see a lobbiest, I mean old family friend, could have may be helped some people for the rest of their lives.  Sophie probably needed the break though, it’s hard raising three kids with only two nannies.",0.09916666666666665,Neutral
5,5,5,964266113727683_964315497056078,123326971154939_964266113727683,,2017-12-20 14:53:01,1,1,0,0,0,0,0,0,Looking good Joseph!,[],[],Looking good Joseph,"['Looking', 'good', 'Joseph']","[u'look', u'good', u'joseph']",Looking good Joseph!,0.875,Positive
6,6,6,964266113727683_964707717016856,123326971154939_964266113727683,,2017-12-21 10:04:31,0,0,0,0,0,0,0,0,Looking good Jo.,[],[],Looking good Jo,"['Looking', 'good', 'Jo']","[u'look', u'good', 'jo']",Looking good Jo.,0.7,Positive
7,7,7,964266113727683_965004716987156,123326971154939_964266113727683,,2017-12-22 01:42:41,1,1,0,0,0,0,0,0,Sam Clarence Alookee,[],[],Sam Clarence Alookee,"['Sam', 'Clarence', 'Alookee']","[u'sam', u'clarenc', u'alooke']",Sam Clarence Alookee,0.0,Neutral
8,8,8,964266113727683_969898356497792,123326971154939_964266113727683,,2017-12-31 07:33:29,0,0,0,0,0,0,0,0,"Caulay Morton, Ben Mcnamee",[],[],Caulay Morton Ben Mcnamee,"['Caulay', 'Morton', 'Ben', 'Mcnamee']","[u'caulay', u'morton', u'ben', u'mcname']","Caulay Morton, Ben Mcnamee",0.0,Neutral
9,9,9,964266113727683_965004193653875,123326971154939_964266113727683,,2017-12-22 01:39:57,0,0,0,0,0,0,0,0,Lee Ann Tungilik,[],[],Lee Ann Tungilik,"['Lee', 'Ann', 'Tungilik']","[u'lee', u'ann', u'tungilik']",Lee Ann Tungilik,0.0,Neutral
10,10,10,964266113727683_964410697046558,123326971154939_964266113727683,,2017-12-20 19:58:58,0,0,0,0,0,0,0,0,Judah A. Seema Atagoyuk,[],[],Judah Seema Atagoyuk,"['Judah', 'Seema', 'Atagoyuk']","[u'judah', u'seema', u'atagoyuk']",Judah A. Seema Atagoyuk,0.0,Neutral
11,11,11,961742007313427_961742933980001,123326971154939_961742007313427,,2017-12-15 10:09:50,1,1,0,0,0,0,0,0,Ben Canning,[],[],Ben Canning,"['Ben', 'Canning']","[u'ben', u'canning']",Ben Canning,0.0,Neutral
12,12,12,957706351050326_957706807716947,123326971154939_957706351050326,,2017-12-07 16:02:30,0,0,0,0,0,0,0,0,You've spelled qilalugaq incorrectly,[],[],spelled qilalugaq incorrectly,"['spelled', 'qilalugaq', 'incorrectly']","[u'spell', u'qilalugaq', u'incorrect']",You've spelled qilalugaq incorrectly,0.0,Neutral
13,13,13,957706351050326_957827764371518,123326971154939_957706351050326,,2017-12-07 22:16:19,0,0,0,0,0,0,0,0,And Inuvialuktun. And Inuinnaqtun,[],[],Inuvialuktun Inuinnaqtun,"['Inuvialuktun', 'Inuinnaqtun']","[u'inuvialuktun', u'inuinnaqtun']",And Inuvialuktun. And Inuinnaqtun,0.0,Neutral
14,14,14,957158301105131_957328251088136,123326971154939_957158301105131,,2017-12-06 21:47:10,0,0,0,0,0,0,0,0,just hired people with bazookas and titanium harpoons for subs,[],[],hired people bazookas titanium harpoons subs,"['hired', 'people', 'bazookas', 'titanium', 'harpoons', 'subs']","[u'hire', u'peopl', u'bazooka', u'titanium', u'harpoon', u'sub']",just hired people with bazookas and titanium harpoons for subs,0.0,Neutral
15,15,15,956123964541898_956744754479819,123326971154939_956123964541898,,2017-12-05 17:52:27,0,0,0,0,0,0,0,0,Will they run sessions outside of ottawa?,[],[],run sessions outside ottawa,"['run', 'sessions', 'outside', 'ottawa']","[u'run', u'session', u'outsid', u'ottawa']",Will they run sessions outside of ottawa?,0.0,Neutral
16,16,16,956123964541898_957159604438334,123326971154939_956123964541898,956123964541898_956744754479819,2017-12-06 13:54:17,0,0,0,0,0,0,0,0,"Hi Oksana, no other public information sessions are planned at this time, but please visit as roundtables or public information sessions, once confirmed, will be posted in advance.",[],['http://ow.ly/QMka30h0vnS'],Hi Oksana public information sessions planned time please visit roundtables public information sessions confirmed posted advance,"['Hi', 'Oksana', 'public', 'information', 'sessions', 'planned', 'time', 'please', 'visit', 'roundtables', 'public', 'information', 'sessions', 'confirmed', 'posted', 'advance']","['hi', u'oksana', u'public', u'inform', u'session', u'plan', u'time', u'pleas', u'visit', u'roundtabl', u'public', u'inform', u'session', u'confirm', u'post', u'advanc']","Hi Oksana, no other public information sessions are planned at this time, but please visit http://ow.ly/QMka30h0vnS as roundtables or public information sessions, once confirmed, will be posted in advance.",0.115625,Neutral
17,17,17,950676278420000_950762525078042,123326971154939_950676278420000,,2017-11-23 20:13:14,1,1,0,0,0,0,0,0,This is a great documentary,[],[],great documentary,"['great', 'documentary']","[u'great', u'documentari']",This is a great documentary 👍,0.4,Positive
18,18,18,946832812137680_948351358652492,123326971154939_946832812137680,,2017-11-18 20:48:43,0,0,0,0,0,0,0,0,This is a very good thing! I am happy for these people!,[],[],good thing happy people,"['good', 'thing', 'happy', 'people']","[u'good', u'thing', u'happi', u'peopl']",This is a very good thing! I am happy for these people!,1.0,Positive
19,19,19,946299835524311_949155088572119,123326971154939_946299835524311,,2017-11-20 10:54:31,0,0,0,0,0,0,0,0,NU.gov. Should try this kind of an approach for its mines that are operating and that are abandoned/shutdown . Maybe they would also benefit from the federallies TLICHO,[],[],NU gov try kind approach mines operating abandoned shutdown Maybe would also benefit federallies TLICHO,"['NU', 'gov', 'try', 'kind', 'approach', 'mines', 'operating', 'abandoned', 'shutdown', 'Maybe', 'would', 'also', 'benefit', 'federallies', 'TLICHO']","['nu', u'gov', u'tri', u'kind', u'approach', u'mine', u'oper', u'abandon', u'shutdown', u'mayb', u'would', u'also', u'benefit', u'feder', u'tlicho']","NU.gov. Should try this kind of an approach for its mines that are operating and that are abandoned/shutdown . Maybe they would also benefit from the federallies  
TLICHO 👍🏼👍🏼👍🏼",0.6,Positive
20,20,20,946299835524311_947253252095636,123326971154939_946299835524311,,2017-11-16 13:12:00,1,1,0,0,0,0,0,0,Tlicho,[],[],Tlicho,['Tlicho'],[u'tlicho'],Tlicho,0.0,Neutral
21,21,21,946299835524311_947500015404293,123326971154939_946299835524311,,2017-11-17 03:07:50,0,0,0,0,0,0,0,0,Janis Shandro,[],[],Janis Shandro,"['Janis', 'Shandro']","[u'jani', u'shandro']",Janis Shandro,0.0,Neutral
22,22,22,946299835524311_947884985365796,123326971154939_946299835524311,946299835524311_947500015404293,2017-11-17 21:36:09,0,0,0,0,0,0,0,0,ROCKY!,[],[],ROCKY,['ROCKY'],[u'rocki'],ROCKY!,0.0,Neutral
23,23,23,946238775530417_946696842151277,123326971154939_946238775530417,,2017-11-15 10:15:37,1,1,0,0,0,0,0,0,Very Happy for your new Highway.... great progress!!!,[],[],Happy new Highway great progress,"['Happy', 'new', 'Highway', 'great', 'progress']","[u'happi', u'new', u'highway', u'great', u'progress']",Very Happy for your new Highway.... great progress!!!,0.712121212121212,Positive
24,24,24,946238775530417_946318895522405,123326971154939_946238775530417,,2017-11-14 18:35:40,1,1,0,0,0,0,0,0,Nooo way!!! Sooo happy to read this!!,[],[],Nooo way Sooo happy read,"['Nooo', 'way', 'Sooo', 'happy', 'read']","[u'nooo', u'way', u'sooo', u'happi', u'read']",Nooo way!!!  Sooo happy to read this!! 😃,1.0,Positive
25,25,25,946238775530417_946318945522400,123326971154939_946238775530417,,2017-11-14 18:35:57,1,1,0,0,0,0,0,0,Rachelle Hawthorn ️,[],[],Rachelle Hawthorn,"['Rachelle', 'Hawthorn']","[u'rachell', u'hawthorn']",Rachelle Hawthorn 😲☺️,0.0,Neutral
26,26,26,946238775530417_946388375515457,123326971154939_946238775530417,946238775530417_946318945522400,2017-11-14 22:40:58,0,0,0,0,0,0,0,0,Very exciting!,[],[],exciting,['exciting'],[u'excit'],Very exciting!,0.48750000000000004,Positive
27,27,27,943222342498727_945856482235313,123326971154939_943222342498727,,2017-11-13 19:33:10,0,0,0,0,0,0,0,0,Article - Container ships sailing via the Arctic:,[],['https://www.maritime-executive.com/editorials/new-sailing-routes-for-future-container-mega-ships'],Article Container ships sailing via Arctic,"['Article', 'Container', 'ships', 'sailing', 'via', 'Arctic']","[u'articl', u'contain', u'ship', u'sail', u'via', u'arctic']","Article - Container ships sailing via the Arctic:

https://www.maritime-executive.com/editorials/new-sailing-routes-for-future-container-mega-ships",0.0,Neutral
28,28,28,942780819209546_942949105859384,123326971154939_942780819209546,,2017-11-07 22:05:14,0,0,0,0,0,0,0,0,June we have our day as it marks the day we signed the land claim in the Inuvialuit region. I wonder if we will get this day off with pay. Since the government is saying it is Inuit day.,[],[],June day marks day signed land claim Inuvialuit region wonder get day pay Since government saying Inuit day,"['June', 'day', 'marks', 'day', 'signed', 'land', 'claim', 'Inuvialuit', 'region', 'wonder', 'get', 'day', 'pay', 'Since', 'government', 'saying', 'Inuit', 'day']","[u'june', u'day', u'mark', u'day', u'sign', u'land', u'claim', u'inuvialuit', u'region', u'wonder', u'get', u'day', u'pay', u'sinc', u'govern', u'say', u'inuit', u'day']",June 5 we have our day as it marks the day we signed the land claim in the Inuvialuit region. I wonder if we will get this day off with pay. Since the government is saying it is Inuit day.,0.0,Neutral
29,29,29,938577622963199_940386916115603,123326971154939_938577622963199,,2017-11-02 10:51:33,0,0,0,0,0,0,0,0,Unbelievable beauty-,[],[],Unbelievable beauty,"['Unbelievable', 'beauty']","[u'unbeliev', u'beauti']",Unbelievable beauty-,-0.25,Neutral
30,30,30,938577622963199_940355189452109,123326971154939_938577622963199,,2017-11-02 09:57:46,0,0,0,0,0,0,0,0,BEAUTIFUL!!,[],[],BEAUTIFUL,['BEAUTIFUL'],[u'beauti'],BEAUTIFUL!!,1.0,Positive
31,31,31,934889973331964_935128433308118,123326971154939_934889973331964,,2017-10-22 21:42:51,0,0,0,0,0,0,0,0,"This is for me! I went to Ivvavik National Park, Yukon this summer ~ just have to figure out the student part",[],[],went Ivvavik National Park Yukon summer figure student part,"['went', 'Ivvavik', 'National', 'Park', 'Yukon', 'summer', 'figure', 'student', 'part']","[u'went', u'ivvavik', u'nation', u'park', u'yukon', u'summer', u'figur', u'student', u'part']","This is for me! I went to Ivvavik National Park, Yukon this summer ~ just have to figure out the student part :p",0.75,Positive
32,32,32,934889973331964_938339776320317,123326971154939_934889973331964,,2017-10-29 10:27:16,0,0,0,0,0,0,0,0,Matt Jokiel,[],[],Matt Jokiel,"['Matt', 'Jokiel']","[u'matt', u'jokiel']",Matt Jokiel,0.0,Neutral
33,33,33,932871620200466_933114313509530,123326971154939_932871620200466,,2017-10-18 19:56:07,0,0,0,0,0,0,0,0,aint no sunshine...,[],[],aint sunshine,"['aint', 'sunshine']","[u'aint', u'sunshin']",aint no sunshine...,0.0,Neutral
34,34,34,932870360200592_933261360161492,123326971154939_932870360200592,,2017-10-19 01:43:51,0,0,0,0,0,0,0,0,The Deer People are all gone now...,[],[],Deer People gone,"['Deer', 'People', 'gone']","[u'deer', u'peopl', u'gone']",The Deer People are all gone now...,0.0,Neutral
35,35,35,925597934261168_926079530879675,123326971154939_925597934261168,,2017-10-03 17:12:07,0,0,0,0,0,0,0,0,Thanks for sharing!,[],[],Thanks sharing,"['Thanks', 'sharing']","[u'thank', u'share']",Thanks for sharing! :),0.375,Positive
36,36,36,923278431159785_923292387825056,123326971154939_923278431159785,,2017-09-27 14:57:42,0,0,0,0,0,0,0,0,Thank you for sharing!,[],[],Thank sharing,"['Thank', 'sharing']","[u'thank', u'share']",Thank you for sharing!,0.0,Neutral
37,37,37,920339394787022_925236050964023,123326971154939_920339394787022,,2017-10-01 21:40:49,0,0,0,0,0,0,0,0,Emily Thrasher,[],[],Emily Thrasher,"['Emily', 'Thrasher']","[u'emili', u'thrasher']",Emily Thrasher,0.0,Neutral
38,38,38,918551114965850_918560411631587,123326971154939_918551114965850,,2017-09-18 08:41:13,0,0,0,0,0,0,0,0,Sarahme Akoomalik and Letia Quaraq,[],[],Sarahme Akoomalik Letia Quaraq,"['Sarahme', 'Akoomalik', 'Letia', 'Quaraq']","[u'sarahm', u'akoomalik', u'letia', u'quaraq']",Sarahme Akoomalik and Letia Quaraq,0.0,Neutral
39,39,39,917218841765744_917739851713643,123326971154939_917218841765744,,2017-09-16 15:36:23,0,0,0,0,0,0,0,0,"""Let's go shopping""",[],[],Let go shopping,"['Let', 'go', 'shopping']","[u'let', 'go', u'shop']","""Let's go shopping""",0.0,Neutral
40,40,40,906778449476450_906787719475523,123326971154939_906778449476450,,2017-08-25 15:09:09,0,0,0,0,0,0,0,0,you are awesome Minister Carolyn Bennett,[],[],awesome Minister Carolyn Bennett,"['awesome', 'Minister', 'Carolyn', 'Bennett']","[u'awesom', u'minist', u'carolyn', u'bennett']",you are awesome Minister Carolyn Bennett,1.0,Positive
41,41,41,902508706570091_902893639864931,123326971154939_902508706570091,,2017-08-17 09:52:37,1,1,0,0,0,0,0,0,A great day for so many reasons!,[],[],great day many reasons,"['great', 'day', 'many', 'reasons']","[u'great', u'day', u'mani', u'reason']",A great day for so many reasons!,0.7125,Positive
42,42,42,902508706570091_902789133208715,123326971154939_902508706570091,,2017-08-17 05:19:53,0,0,0,0,0,0,0,0,"Merci Pour Votre Objectif De Conservation Del'ocean Artique,je Vous Demanderai De Ne Pas S'arrêter Au Niveau De L'ocean Artique Mais Aussi En Afrique Et Surtout En RDC, Meilleures Collaborations.",[],[],Merci Pour Votre Objectif De Conservation Del ocean Artique je Vous Demanderai De Ne Pas Au Niveau De ocean Artique Mais Aussi En Afrique Et Surtout En RDC Meilleures Collaborations,"['Merci', 'Pour', 'Votre', 'Objectif', 'De', 'Conservation', 'Del', 'ocean', 'Artique', 'je', 'Vous', 'Demanderai', 'De', 'Ne', 'Pas', 'Au', 'Niveau', 'De', 'ocean', 'Artique', 'Mais', 'Aussi', 'En', 'Afrique', 'Et', 'Surtout', 'En', 'RDC', 'Meilleures', 'Collaborations']","[u'merci', u'pour', u'votr', u'objectif', 'de', u'conserv', u'del', u'ocean', u'artiqu', 'je', u'vous', u'demanderai', 'de', 'ne', u'pas', 'au', u'niveau', 'de', u'ocean', u'artiqu', u'mai', u'aussi', 'en', u'afriqu', 'et', u'surtout', 'en', u'rdc', u'meilleur', u'collabor']","Merci Pour Votre Objectif De Conservation Del'ocean Artique,je Vous Demanderai De Ne Pas S'arrêter Au Niveau De L'ocean Artique Mais Aussi En Afrique Et Surtout En RDC, Meilleures Collaborations.",0.0,Neutral
43,43,43,902333969920898_905337749620520,123326971154939_902333969920898,,2017-08-22 11:16:22,0,0,0,0,0,0,0,0,"Adam Larkin, this is interesting for me!",[],[],Adam Larkin interesting,"['Adam', 'Larkin', 'interesting']","[u'adam', u'larkin', u'interest']","Adam Larkin, this is interesting for me!",0.625,Positive
44,44,44,901462036674758_902457523241876,123326971154939_901462036674758,,2017-08-16 12:31:18,1,0,0,1,0,0,0,0,Char Okats thought of you,[],[],Char Okats thought,"['Char', 'Okats', 'thought']","[u'char', u'okat', u'thought']",Char Okats  thought of you 🙂,0.0,Neutral
45,45,45,901462036674758_902575379896757,123326971154939_901462036674758,,2017-08-16 17:41:12,0,0,0,0,0,0,0,0,Bonnie Taparti,[],[],Bonnie Taparti,"['Bonnie', 'Taparti']","[u'bonni', u'taparti']",Bonnie Taparti,0.0,Neutral
46,46,46,898806066940355_898813596939602,123326971154939_898806066940355,,2017-08-09 14:56:07,0,0,0,0,0,0,0,0,Whitney Lackenbauer are you part of this again this yes?,[],[],Whitney Lackenbauer part yes,"['Whitney', 'Lackenbauer', 'part', 'yes']","[u'whitney', u'lackenbau', u'part', u'yes']",Whitney Lackenbauer are you part of this again this yes?,0.0,Neutral
47,47,47,896226213865007_896658093821819,123326971154939_896226213865007,,2017-08-05 12:22:12,1,1,0,0,0,0,0,0,Keisha Allurut,[],[],Keisha Allurut,"['Keisha', 'Allurut']","[u'keisha', u'allurut']",Keisha Allurut,0.0,Neutral
48,48,48,895628723924756_897342833753345,123326971154939_895628723924756,,2017-08-06 19:12:35,1,1,0,0,0,0,0,0,So great see Iqaluit will get a much needed daycare!,[],[],great see Iqaluit get much needed daycare,"['great', 'see', 'Iqaluit', 'get', 'much', 'needed', 'daycare']","[u'great', u'see', u'iqaluit', u'get', u'much', u'need', u'daycar']",So great see Iqaluit will get a much needed daycare!,0.525,Positive
49,49,49,895628723924756_895806687240293,123326971154939_895628723924756,,2017-08-03 22:48:13,1,1,0,0,0,0,0,0,Andrea Markey,[],[],Andrea Markey,"['Andrea', 'Markey']","[u'andrea', u'markey']",Andrea Markey,0.0,Neutral
50,50,50,894979607323001_895286403958988,123326971154939_894979607323001,,2017-08-02 21:34:25,0,0,0,0,0,0,0,0,Gila Mucklow,[],[],Gila Mucklow,"['Gila', 'Mucklow']","[u'gila', u'mucklow']",Gila Mucklow,0.0,Neutral
51,51,51,894979607323001_895458703941758,123326971154939_894979607323001,894979607323001_895286403958988,2017-08-03 06:54:30,0,0,0,0,0,0,0,0,nice!!!!!!,[],[],nice,['nice'],[u'nice'],nice!!!!!!,1.0,Positive
52,52,52,888204164667212_888323347988627,123326971154939_888204164667212,,2017-07-21 18:34:22,0,0,0,0,0,0,0,0,where will the job be? (town),[],[],job town,"['job', 'town']","[u'job', u'town']",where will the job be? (town),0.0,Neutral
53,53,53,888204164667212_888362534651375,123326971154939_888204164667212,888204164667212_888323347988627,2017-07-21 20:15:48,0,0,0,0,0,0,0,0,guess!,[],[],guess,['guess'],[u'guess'],1 guess!,0.0,Neutral
54,54,54,888204164667212_888406721313623,123326971154939_888204164667212,888204164667212_888323347988627,2017-07-21 22:17:10,0,0,0,0,0,0,0,0,honaova,[],[],honaova,['honaova'],[u'honaova'],honaova,0.0,Neutral
55,55,55,888204164667212_889394234548205,123326971154939_888204164667212,,2017-07-23 08:38:22,0,0,0,0,0,0,0,0,[[STICKER]],[],[],STICKER,['STICKER'],[u'sticker'], [[STICKER]],0.0,Neutral
56,56,56,888204164667212_888291387991823,123326971154939_888204164667212,,2017-07-21 17:07:17,0,0,0,0,0,0,0,0,Nubiya Enuaraq,[],[],Nubiya Enuaraq,"['Nubiya', 'Enuaraq']","[u'nubiya', u'enuaraq']",Nubiya Enuaraq,0.0,Neutral
57,57,57,887358311418464_889072427913719,123326971154939_887358311418464,,2017-07-22 21:53:43,0,0,0,0,0,0,0,0,Francis Lessard est-ce le projet que tu as fait la bas ?,[],[],Francis Lessard projet fait bas,"['Francis', 'Lessard', 'projet', 'fait', 'bas']","[u'franci', u'lessard', u'projet', u'fait', u'bas']",Francis Lessard est-ce le projet que tu as fait la bas ?,0.0,Neutral
58,58,58,887358311418464_889072564580372,123326971154939_887358311418464,887358311418464_889072427913719,2017-07-22 21:54:15,1,1,0,0,0,0,0,0,Oui,[],[],Oui,['Oui'],[u'oui'],Oui,0.0,Neutral
59,59,59,887358311418464_888378057983156,123326971154939_887358311418464,,2017-07-21 21:00:19,0,0,0,0,0,0,0,0,"Merci! J'ai regardé toutes les photos,Oh beaucoup de travail, CONGRADULATION!S!! C'est un grand bätiment et chic en plus mais la froidure, la neige",[],[],Merci ai toutes les photos Oh beaucoup de travail CONGRADULATION est un grand timent et chic en plus mais la froidure la neige,"['Merci', 'ai', 'toutes', 'les', 'photos', 'Oh', 'beaucoup', 'de', 'travail', 'CONGRADULATION', 'est', 'un', 'grand', 'timent', 'et', 'chic', 'en', 'plus', 'mais', 'la', 'froidure', 'la', 'neige']","[u'merci', 'ai', u'tout', u'les', u'photo', 'oh', u'beaucoup', 'de', u'travail', u'congradul', u'est', 'un', u'grand', u'timent', 'et', u'chic', 'en', u'plus', u'mai', 'la', u'froidur', 'la', u'neig']","Merci! J'ai regardé toutes les photos,Oh beaucoup de travail, CONGRADULATION!S!! C'est un grand bätiment et chic en plus mais la froidure, la neige",0.5,Positive
60,60,60,887358311418464_889699851184310,123326971154939_887358311418464,,2017-07-23 17:30:08,1,1,0,0,0,0,0,0,Mélanie Roberge Charline Rodrigue Val Rob ca l'est la job qu'on a fait,[],[],lanie Roberge Charline Rodrigue Val Rob ca est la job qu fait,"['lanie', 'Roberge', 'Charline', 'Rodrigue', 'Val', 'Rob', 'ca', 'est', 'la', 'job', 'qu', 'fait']","[u'lani', u'roberg', u'charlin', u'rodrigu', u'val', u'rob', 'ca', u'est', 'la', u'job', 'qu', u'fait']",Mélanie Roberge Charline Rodrigue Val Rob ca l'est la job qu'on a fait,0.0,Neutral
61,61,61,887358311418464_889728047848157,123326971154939_887358311418464,887358311418464_889699851184310,2017-07-23 18:09:34,0,0,0,0,0,0,0,0,c pas que le désing!,[],[],pas que le sing,"['pas', 'que', 'le', 'sing']","[u'pas', u'que', 'le', u'sing']",c pas que le désing!,0.0,Neutral
62,62,62,887358311418464_888977294589899,123326971154939_887358311418464,,2017-07-22 18:20:02,0,0,0,0,0,0,0,0,Claudia Veilleux,[],[],Claudia Veilleux,"['Claudia', 'Veilleux']","[u'claudia', u'veilleux']",Claudia Veilleux,0.0,Neutral
63,63,63,887358311418464_888992964588332,123326971154939_887358311418464,887358311418464_888977294589899,2017-07-22 18:40:35,0,0,0,0,0,0,0,0,Crime ses beau !,[],[],Crime beau,"['Crime', 'beau']","[u'crime', u'beau']",Crime ses beau !,0.0,Neutral
64,64,64,887358311418464_888997301254565,123326971154939_887358311418464,887358311418464_888977294589899,2017-07-22 18:53:53,1,1,0,0,0,0,0,0,Lots of alcohol was consumed and a lot of bad decisions were made in the building of this project haha,[],[],Lots alcohol consumed lot bad decisions made building project haha,"['Lots', 'alcohol', 'consumed', 'lot', 'bad', 'decisions', 'made', 'building', 'project', 'haha']","[u'lot', u'alcohol', u'consum', u'lot', u'bad', u'decis', u'made', u'build', u'project', u'haha']",Lots of alcohol was consumed and a lot of bad decisions were made in the building of this project haha,-0.24999999999999992,Neutral
65,65,65,887358311418464_889023834585245,123326971154939_887358311418464,887358311418464_888977294589899,2017-07-22 20:04:13,1,1,0,0,0,0,0,0,Only in the middle!,[],[],middle,['middle'],[u'middl'],Only in the middle!,0.0,Neutral
66,66,66,887358311418464_889700554517573,123326971154939_887358311418464,887358311418464_888977294589899,2017-07-23 17:31:14,0,0,0,0,0,0,0,0,Clayton Deneef not sure they will be good for the big opening in October!!!,[],[],Clayton Deneef sure good big opening October,"['Clayton', 'Deneef', 'sure', 'good', 'big', 'opening', 'October']","[u'clayton', u'deneef', u'sure', u'good', u'big', u'open', u'octob']",Clayton Deneef not sure they will be good for the big opening in October!!!,0.15,Neutral
67,67,67,887358311418464_890377034449925,123326971154939_887358311418464,,2017-07-24 15:04:07,0,0,0,0,0,0,0,0,Gives new meaning to Arctic CHAR!,[],[],Gives new meaning Arctic CHAR,"['Gives', 'new', 'meaning', 'Arctic', 'CHAR']","[u'give', u'new', u'mean', u'arctic', u'char']",Gives new meaning to Arctic CHAR!,0.17045454545454544,Neutral
68,68,68,887358311418464_889323831221912,123326971154939_887358311418464,,2017-07-23 06:41:42,0,0,0,0,0,0,0,0,[[STICKER]],[],[],STICKER,['STICKER'],[u'sticker'], [[STICKER]],0.0,Neutral
69,69,69,887358311418464_889000191254276,123326971154939_887358311418464,,2017-07-22 19:03:06,1,1,0,0,0,0,0,0,Tanner,[],[],Tanner,['Tanner'],[u'tanner'],Tanner,0.0,Neutral
70,70,70,887358311418464_890256544461974,123326971154939_887358311418464,887358311418464_889000191254276,2017-07-24 09:56:27,0,0,0,0,0,0,0,0,it'll be cool to have a project there!!,[],[],cool project,"['cool', 'project']","[u'cool', u'project']",it'll be cool to have a project there!!,0.546875,Positive
71,71,71,887358311418464_887525208068441,123326971154939_887358311418464,,2017-07-20 12:47:09,0,0,0,0,0,0,0,0,Samantha Fernandes - big news.,[],[],Samantha Fernandes big news,"['Samantha', 'Fernandes', 'big', 'news']","[u'samantha', u'fernand', u'big', u'news']",Samantha Fernandes - big news.,0.0,Neutral
72,72,72,887358311418464_890269827793979,123326971154939_887358311418464,,2017-07-24 10:27:08,0,0,0,0,0,0,0,0,Claudia Gaudreault,[],[],Claudia Gaudreault,"['Claudia', 'Gaudreault']","[u'claudia', u'gaudreault']",Claudia Gaudreault  🙄,0.0,Neutral
73,73,73,881942451960050_888151628005799,123326971154939_881942451960050,,2017-07-21 11:48:12,0,0,0,0,0,0,0,0,,[],['https://www.kairosblanketexercise.org/'],,['nan'],[u'nan'],https://www.kairosblanketexercise.org/,0.0,Neutral
74,74,74,870092273145068_871466623007633,123326971154939_870092273145068,,2017-06-29 05:39:16,0,0,0,0,0,0,0,0,A GLORIOUS SIGHT.,[],[],GLORIOUS SIGHT,"['GLORIOUS', 'SIGHT']","[u'glorious', u'sight']",A GLORIOUS SIGHT.,0.0,Neutral
75,75,75,869231536564475_869252263229069,123326971154939_869231536564475,,2017-06-26 07:57:56,0,0,0,0,0,0,0,0,"Dialects, not languages.",[],[],Dialects languages,"['Dialects', 'languages']","[u'dialect', u'languag']","Dialects, not languages.",0.0,Neutral
76,76,76,862887507198878_863309857156643,123326971154939_862887507198878,,2017-06-16 05:54:06,0,0,0,0,0,0,0,0,"Very PRECIPITATIONS to HOSTS Beautiful Statistical Ethical the Communities of the generations after generation,Thank You,MCCORD.",[],[],PRECIPITATIONS HOSTS Beautiful Statistical Ethical Communities generations generation Thank MCCORD,"['PRECIPITATIONS', 'HOSTS', 'Beautiful', 'Statistical', 'Ethical', 'Communities', 'generations', 'generation', 'Thank', 'MCCORD']","[u'precipit', u'host', u'beauti', u'statist', u'ethic', u'communiti', u'generat', u'generat', u'thank', u'mccord']","Very PRECIPITATIONS to  HOSTS Beautiful Statistical Ethical the Communities of the generations after generation,Thank You,MCCORD.",0.4166666666666667,Positive
77,77,77,862887507198878_863310940489868,123326971154939_862887507198878,,2017-06-16 05:57:28,0,0,0,0,0,0,0,0,"This has to be TRUE HONEST from the kindhearted Rare Gift of GOALS.I am greatful,Thank You,MCCORD.",[],[],TRUE HONEST kindhearted Rare Gift GOALS greatful Thank MCCORD,"['TRUE', 'HONEST', 'kindhearted', 'Rare', 'Gift', 'GOALS', 'greatful', 'Thank', 'MCCORD']","[u'true', u'honest', u'kindheart', u'rare', u'gift', u'goal', u'great', u'thank', u'mccord']","This has to be TRUE HONEST from the kindhearted Rare Gift of GOALS.I am greatful,Thank You,MCCORD.",0.4166666666666667,Positive
78,78,78,858788167608812_859495870871375,123326971154939_858788167608812,,2017-06-10 10:08:21,0,0,0,0,0,0,0,0,Amelia please look into this.,[],[],Amelia please look,"['Amelia', 'please', 'look']","[u'amelia', u'pleas', u'look']",Amelia please look into this.,0.0,Neutral
79,79,79,858303917657237_858454927642136,123326971154939_858303917657237,,2017-06-08 16:58:22,0,0,0,0,0,0,0,0,Ok,[],[],Ok,['Ok'],['ok'],Ok,0.5,Positive
80,80,80,858303917657237_858454957642133,123326971154939_858303917657237,,2017-06-08 16:58:30,1,1,0,0,0,0,0,0,Good idea,[],[],Good idea,"['Good', 'idea']","[u'good', u'idea']",Good idea,0.7,Positive
81,81,81,852490154905280_855181221302840,123326971154939_852490154905280,,2017-06-04 00:58:48,0,0,0,0,0,0,0,0,"What would they arbitrate about over there, frozen never-ending vast and emptiness ...",[],[],would arbitrate frozen never ending vast emptiness,"['would', 'arbitrate', 'frozen', 'never', 'ending', 'vast', 'emptiness']","[u'would', u'arbitr', u'frozen', u'never', u'end', u'vast', u'empti']","What would they arbitrate about over there, frozen never-ending vast and emptiness ... 😫",0.0,Neutral
82,82,82,852490154905280_857381054416190,123326971154939_852490154905280,852490154905280_855181221302840,2017-06-07 07:46:38,1,1,0,0,0,0,0,0,Funny huh?,[],[],Funny huh,"['Funny', 'huh']","[u'funni', u'huh']",Funny huh?,0.25,Neutral
83,83,83,852490154905280_859004564253839,123326971154939_852490154905280,852490154905280_855181221302840,2017-06-09 14:57:14,2,2,0,0,0,0,0,0,What a totally ignorant remark!,[],[],totally ignorant remark,"['totally', 'ignorant', 'remark']","[u'total', u'ignor', u'remark']",What a totally ignorant remark!,0.0,Neutral
84,84,84,852490154905280_859056220915340,123326971154939_852490154905280,852490154905280_855181221302840,2017-06-09 16:13:46,0,0,0,0,0,0,0,0,No no no stick your flag to the north pole and claim it's yours,[],[],stick flag north pole claim,"['stick', 'flag', 'north', 'pole', 'claim']","[u'stick', u'flag', u'north', u'pole', u'claim']",No no no stick your flag to the north pole and claim it's yours 😅,0.0,Neutral
85,85,85,852490154905280_859955880825374,123326971154939_852490154905280,,2017-06-11 01:23:34,0,0,0,0,0,0,0,0,"We should get one of our benificeries from out of Inuvialuitliut settlement living in southern communities ,we as benificeries are always left out !!! Even our youth as future leaders they can become !!!",[],[],get one benificeries Inuvialuitliut settlement living southern communities benificeries always left Even youth future leaders become,"['get', 'one', 'benificeries', 'Inuvialuitliut', 'settlement', 'living', 'southern', 'communities', 'benificeries', 'always', 'left', 'Even', 'youth', 'future', 'leaders', 'become']","[u'get', u'one', u'benificeri', u'inuvialuitliut', u'settlement', u'live', u'southern', u'communiti', u'benificeri', u'alway', u'left', u'even', u'youth', u'futur', u'leader', u'becom']","We should get one of our benificeries from out of Inuvialuitliut settlement living in southern communities ,we as benificeries are always left out !!! Even our youth as future leaders they can become  !!!",0.0,Neutral
86,86,86,852490154905280_853011574853138,123326971154939_852490154905280,,2017-05-31 11:32:29,1,1,0,0,0,0,0,0,Melody Lily someday?,[],[],Melody Lily someday,"['Melody', 'Lily', 'someday']","[u'melodi', u'lili', u'someday']",Melody Lily someday?,0.0,Neutral
87,87,87,852490154905280_853029898184639,123326971154939_852490154905280,852490154905280_853011574853138,2017-05-31 12:23:18,0,0,0,0,0,0,0,0,Hahahah if I get smarter! Jk yeah! 🤗,[],[],Hahahah get smarter Jk yeah,"['Hahahah', 'get', 'smarter', 'Jk', 'yeah']","[u'hahahah', u'get', u'smarter', 'jk', u'yeah']",Hahahah if I get smarter! Jk yeah! 🤗😋,0.0,Neutral
88,88,88,852490154905280_854291134725182,123326971154939_852490154905280,,2017-06-02 14:03:54,0,0,0,0,0,0,0,0,Steven,[],[],Steven,['Steven'],[u'steven'],Steven,0.0,Neutral
89,89,89,852490154905280_855769021244060,123326971154939_852490154905280,,2017-06-05 00:09:41,0,0,0,0,0,0,0,0,I need ask you same ting wrong,[],[],need ask ting wrong,"['need', 'ask', 'ting', 'wrong']","[u'need', u'ask', u'ting', u'wrong']",I need ask you same ting wrong,-0.25,Neutral
90,90,90,852490154905280_853307831490179,123326971154939_852490154905280,,2017-05-31 22:58:28,0,0,0,0,0,0,0,0,good to hear there will be a vice chair,[],[],good hear vice chair,"['good', 'hear', 'vice', 'chair']","[u'good', u'hear', u'vice', u'chair']",good to hear there will be a vice chair,0.7,Positive
91,91,91,852490154905280_857832807704348,123326971154939_852490154905280,,2017-06-07 21:38:26,1,1,0,0,0,0,0,0,Deirdre Mary-Claire for ur dad!,[],[],Deirdre Mary Claire ur dad,"['Deirdre', 'Mary', 'Claire', 'ur', 'dad']","[u'deirdr', u'mari', u'clair', 'ur', u'dad']",Deirdre Mary-Claire for ur dad! 😆,0.0,Neutral
92,92,92,852490154905280_853071948180434,123326971154939_852490154905280,,2017-05-31 14:12:53,0,0,0,0,0,0,0,0,Diane Archie,[],[],Diane Archie,"['Diane', 'Archie']","[u'dian', u'archi']",Diane Archie,0.0,Neutral
93,93,93,852490154905280_853045768183052,123326971154939_852490154905280,,2017-05-31 13:12:13,1,1,0,0,0,0,0,0,Vince Teddy,[],[],Vince Teddy,"['Vince', 'Teddy']","[u'vinc', u'teddi']",Vince Teddy,0.0,Neutral
94,94,94,852490154905280_858041214350174,123326971154939_852490154905280,,2017-06-08 02:31:59,0,0,0,0,0,0,0,0,Tony Green Lawrence Ruben,[],[],Tony Green Lawrence Ruben,"['Tony', 'Green', 'Lawrence', 'Ruben']","[u'toni', u'green', u'lawrenc', u'ruben']",Tony Green Lawrence Ruben,-0.2,Neutral
95,95,95,852490154905280_853517278135901,123326971154939_852490154905280,,2017-06-01 09:10:29,0,0,0,0,0,0,0,0,Shannon P. O'Hara John Stuart Jr,[],[],Shannon Hara John Stuart Jr,"['Shannon', 'Hara', 'John', 'Stuart', 'Jr']","[u'shannon', u'hara', u'john', u'stuart', 'jr']",Shannon P. O'Hara John Stuart Jr,0.0,Neutral
96,96,96,852490154905280_854348344719461,123326971154939_852490154905280,,2017-06-02 16:47:22,0,0,0,0,0,0,0,0,Cheryl P. Melanson,[],[],Cheryl Melanson,"['Cheryl', 'Melanson']","[u'cheryl', u'melanson']",Cheryl P. Melanson,0.0,Neutral
97,97,97,852490154905280_856855017802127,123326971154939_852490154905280,,2017-06-06 14:24:22,0,0,0,0,0,0,0,0,Sebastien,[],[],Sebastien,['Sebastien'],[u'sebastien'],Sebastien,0.0,Neutral
98,98,98,841896755964620_841967862624176,123326971154939_841896755964620,,2017-05-12 11:38:45,0,0,0,0,0,0,0,0,How do i submit a suggestion? Nutrition North should be sponsoring the food banks in the north.,[],[],submit suggestion Nutrition North sponsoring food banks north,"['submit', 'suggestion', 'Nutrition', 'North', 'sponsoring', 'food', 'banks', 'north']","[u'submit', u'suggest', u'nutrit', u'north', u'sponsor', u'food', u'bank', u'north']",How do i submit a suggestion?  Nutrition North should be sponsoring the food banks in the north.,0.0,Neutral
99,99,99,841896755964620_841984662622496,123326971154939_841896755964620,841896755964620_841967862624176,2017-05-12 12:12:16,1,1,0,0,0,0,0,0,"Hi Heather, while the official Nutrition North Canada Engagement is now closed (D1), you can still share your thoughts on how to improve the program by mail or email. Mail: Nutrition North Canada: Engagement Eddy Street, th floor Gatineau, Quebec K1A H4 Email: nutritionnorth-aandc.gc.ca",[],['http://ow.ly/lybD30bFS'],Hi Heather official Nutrition North Canada Engagement closed D1 still share thoughts improve program mail email Mail Nutrition North Canada Engagement Eddy Street th floor Gatineau Quebec K1A H4 Email nutritionnorth aandc gc ca,"['Hi', 'Heather', 'official', 'Nutrition', 'North', 'Canada', 'Engagement', 'closed', 'D1', 'still', 'share', 'thoughts', 'improve', 'program', 'mail', 'email', 'Mail', 'Nutrition', 'North', 'Canada', 'Engagement', 'Eddy', 'Street', 'th', 'floor', 'Gatineau', 'Quebec', 'K1A', 'H4', 'Email', 'nutritionnorth', 'aandc', 'gc', 'ca']","['hi', u'heather', u'offici', u'nutrit', u'north', u'canada', u'engag', u'close', 'd1', u'still', u'share', u'thought', u'improv', u'program', u'mail', u'email', u'mail', u'nutrit', u'north', u'canada', u'engag', u'eddi', u'street', 'th', u'floor', u'gatineau', u'quebec', u'k1a', 'h4', u'email', u'nutritionnorth', u'aandc', 'gc', 'ca']","Hi Heather, while the official Nutrition North Canada Engagement 2016 is now closed (http://ow.ly/lybD30bFSD1), you can still share your thoughts on how to improve the program by mail or email. 
Mail:
Nutrition North Canada: Engagement 2016
25 Eddy Street, 14th floor
Gatineau, Quebec K1A 0H4
Email: nutritionnorth@aadnc-aandc.gc.ca",-0.1,Neutral
100,100,100,825942220893407_826016107552685,123326971154939_825942220893407,,2017-04-15 10:25:16,0,0,0,0,0,0,0,0,Why is it voluntary? They got millions of dollars to waste.,[],[],voluntary got millions dollars waste,"['voluntary', 'got', 'millions', 'dollars', 'waste']","[u'voluntari', u'got', u'million', u'dollar', u'wast']",Why is it voluntary? They got millions of dollars to waste.,-0.2,Neutral
101,101,101,823420274478935_823902301097399,123326971154939_823420274478935,,2017-04-12 05:07:34,0,0,0,0,0,0,0,0,"I'm sure the citizens of Nunavut, Northwest Territories and Yukon who see extreme pricing would be interested in joining this board. When the Northwest Company provides its store managers with a potential bonus up to their annual salary, it doesn't take long to figure out why the prices are high.",[],[],sure citizens Nunavut Northwest Territories Yukon see extreme pricing would interested joining board Northwest Company provides store managers potential bonus annual salary take long figure prices high,"['sure', 'citizens', 'Nunavut', 'Northwest', 'Territories', 'Yukon', 'see', 'extreme', 'pricing', 'would', 'interested', 'joining', 'board', 'Northwest', 'Company', 'provides', 'store', 'managers', 'potential', 'bonus', 'annual', 'salary', 'take', 'long', 'figure', 'prices', 'high']","[u'sure', u'citizen', u'nunavut', u'northwest', u'territori', u'yukon', u'see', u'extrem', u'price', u'would', u'interest', u'join', u'board', u'northwest', u'compani', u'provid', u'store', u'manag', u'potenti', u'bonus', u'annual', u'salari', u'take', u'long', u'figur', u'price', u'high']","I'm sure the citizens of Nunavut, Northwest Territories and Yukon who see extreme pricing would be interested in joining this board.  When the Northwest Company provides its store managers with a potential bonus up to their annual salary, it doesn't take long to figure out why the prices are high.",0.1225,Neutral
102,102,102,771539183000378_771958379625125,123326971154939_771539183000378,,2017-01-19 08:35:28,2,2,0,0,0,0,0,0,"NNC is a scam lol, Prices for nutritional items are more eensive than stuff that are non healthy. We pay way more to eat healthy, how is this possible?? Shouldn't healthy foods be more affordable to buy??",[],[],NNC scam lol Prices nutritional items eensive stuff non healthy pay way eat healthy possible healthy foods affordable buy,"['NNC', 'scam', 'lol', 'Prices', 'nutritional', 'items', 'eensive', 'stuff', 'non', 'healthy', 'pay', 'way', 'eat', 'healthy', 'possible', 'healthy', 'foods', 'affordable', 'buy']","[u'nnc', u'scam', u'lol', u'price', u'nutrit', u'item', u'eensiv', u'stuff', u'non', u'healthi', u'pay', u'way', u'eat', u'healthi', u'possibl', u'healthi', u'food', u'afford', u'buy']","NNC is a scam lol, Prices for nutritional items are more expensive than stuff that are non healthy. We pay way more to eat healthy, how is this possible??  Shouldn't healthy foods be more affordable to buy??",0.36666666666666664,Positive
103,103,103,771539183000378_774086029412360,123326971154939_771539183000378,,2017-01-22 16:15:15,1,1,0,0,0,0,0,0,"it sucks...it only benefits Northern, subsidize the freight service providers instead, there I had my say",[],[],sucks benefits Northern subsidize freight service providers instead say,"['sucks', 'benefits', 'Northern', 'subsidize', 'freight', 'service', 'providers', 'instead', 'say']","[u'suck', u'benefit', u'northern', u'subsid', u'freight', u'servic', u'provid', u'instead', u'say']","it sucks...it only benefits Northern, subsidize the freight service providers instead, there I had my say",0.0,Neutral
104,104,104,764493393704957_767898330031130,123326971154939_764493393704957,,2017-01-12 14:27:49,0,0,0,0,0,0,0,0,Harper Everett,[],[],Harper Everett,"['Harper', 'Everett']","[u'harper', u'everett']",Harper Everett,0.0,Neutral
105,105,105,742364895917807_764430663711230,123326971154939_742364895917807,,2017-01-06 13:34:19,0,0,0,0,0,0,0,0,Can't do the survey ... doesn't apply to me it says .... ???,[],[],survey apply says,"['survey', 'apply', 'says']","[u'survey', u'appli', u'say']",Can't do the survey ... doesn't apply to me it says ....   ???,0.0,Neutral
106,106,106,731159403705023_732987413522222,123326971154939_731159403705023,,2016-11-18 20:39:16,0,0,0,0,0,0,0,0,They even have forms that can be filled out in my office.,[],[],even forms filled office,"['even', 'forms', 'filled', 'office']","[u'even', u'form', u'fill', u'offic']",They even have forms that can be filled out in my office.,0.4,Positive
107,107,107,727856887368608_728903813930582,123326971154939_727856887368608,,2016-11-11 09:45:27,0,0,0,0,0,0,0,0,"Hi HR Members in groups, I am looking for HR and Administrative job opportunity in Canada. I have been working in HR and Adm Services about years as Head of HR and Adm at Samsung Electronics, B.Braun and Shin Textile Solutions Manufacturing/plants/Factories in Vietnam and Somerset properties in apartment and Offices Services invested by Korean, Germany, Singaporean and years in Front Office at hotels managed by Accor France... ) from Aug to April worked as HR and Adm at Samsung Electronics Vietnam manufacturing with ,000 employees and to produce the cell phone products branding name as Samsung hand phone. ) from April to Aug worked as HR and BP Manager at B.Braun Vietnam two plants/factories in Pharmaceuticals and Medical Devices with ,500 employees invested by Germany. ) from Jul to April worked as HR Director at Somerset properties in apartment and office services with employees at three properties in Hanoi. ) from Feb to Jun worked as Head of HR and Adm at Shin Textiles Solutions garment factories with ,500 employees invested by Korean ) from Dec to worked as Front Office Manager at Halong Dream Hotel with four star standard as nominated by VN Tourism Administration. ) from to worked as Receptionist at Sofitel Plaza Hotel with five star standard nominated by VN Tourism Administration. > Qualification: graduated with a bachelor degree in English at Foreign Languages University Vietnam. My full name is Tran Van Que Gender: Male Married with years boy in grade and a daughter years My wife is working as Accounting Teacher at Hanoi College from to present and she used to worked as Accountant at Namcuong hotel from to and she graduated with Master degree of Accounting at Trade University of Vietnam. Appreciated if we could have your kind recommendation. Pls send me a email so that I could forward my resume, reference letters, training certificates and other supporting documents from my employers. My email: phungque73.com My skype: quehr73 Hand phone in Vietnam (84) I am legally willing to relocate to work in Canada due my children""s future educations. Thank you so much",[],[],Hi HR Members groups looking HR Administrative job opportunity Canada working HR Adm Services years Head HR Adm Samsung Electronics Braun Shin Textile Solutions Manufacturing plants Factories Vietnam Somerset properties apartment Offices Services invested Korean Germany Singaporean years Front Office hotels managed Accor France Aug April worked HR Adm Samsung Electronics Vietnam manufacturing 000 employees produce cell phone products branding name Samsung hand phone April Aug worked HR BP Manager Braun Vietnam two plants factories Pharmaceuticals Medical Devices 500 employees invested Germany Jul April worked HR Director Somerset properties apartment office services employees three properties Hanoi Feb Jun worked Head HR Adm Shin Textiles Solutions garment factories 500 employees invested Korean Dec worked Front Office Manager Halong Dream Hotel four star standard nominated VN Tourism Administration worked Receptionist Sofitel Plaza Hotel five star standard nominated VN Tourism Administration Qualification graduated bachelor degree English Foreign Languages University Vietnam full name Tran Van Que Gender Male Married years boy grade daughter years wife working Accounting Teacher Hanoi College present used worked Accountant Namcuong hotel graduated Master degree Accounting Trade University Vietnam Appreciated could kind recommendation Pls send email could forward resume reference letters training certificates supporting documents employers email phungque73 com skype quehr73 Hand phone Vietnam 84 legally willing relocate work Canada due children future educations Thank much,"['Hi', 'HR', 'Members', 'groups', 'looking', 'HR', 'Administrative', 'job', 'opportunity', 'Canada', 'working', 'HR', 'Adm', 'Services', 'years', 'Head', 'HR', 'Adm', 'Samsung', 'Electronics', 'Braun', 'Shin', 'Textile', 'Solutions', 'Manufacturing', 'plants', 'Factories', 'Vietnam', 'Somerset', 'properties', 'apartment', 'Offices', 'Services', 'invested', 'Korean', 'Germany', 'Singaporean', 'years', 'Front', 'Office', 'hotels', 'managed', 'Accor', 'France', 'Aug', 'April', 'worked', 'HR', 'Adm', 'Samsung', 'Electronics', 'Vietnam', 'manufacturing', '000', 'employees', 'produce', 'cell', 'phone', 'products', 'branding', 'name', 'Samsung', 'hand', 'phone', 'April', 'Aug', 'worked', 'HR', 'BP', 'Manager', 'Braun', 'Vietnam', 'two', 'plants', 'factories', 'Pharmaceuticals', 'Medical', 'Devices', '500', 'employees', 'invested', 'Germany', 'Jul', 'April', 'worked', 'HR', 'Director', 'Somerset', 'properties', 'apartment', 'office', 'services', 'employees', 'three', 'properties', 'Hanoi', 'Feb', 'Jun', 'worked', 'Head', 'HR', 'Adm', 'Shin', 'Textiles', 'Solutions', 'garment', 'factories', '500', 'employees', 'invested', 'Korean', 'Dec', 'worked', 'Front', 'Office', 'Manager', 'Halong', 'Dream', 'Hotel', 'four', 'star', 'standard', 'nominated', 'VN', 'Tourism', 'Administration', 'worked', 'Receptionist', 'Sofitel', 'Plaza', 'Hotel', 'five', 'star', 'standard', 'nominated', 'VN', 'Tourism', 'Administration', 'Qualification', 'graduated', 'bachelor', 'degree', 'English', 'Foreign', 'Languages', 'University', 'Vietnam', 'full', 'name', 'Tran', 'Van', 'Que', 'Gender', 'Male', 'Married', 'years', 'boy', 'grade', 'daughter', 'years', 'wife', 'working', 'Accounting', 'Teacher', 'Hanoi', 'College', 'present', 'used', 'worked', 'Accountant', 'Namcuong', 'hotel', 'graduated', 'Master', 'degree', 'Accounting', 'Trade', 'University', 'Vietnam', 'Appreciated', 'could', 'kind', 'recommendation', 'Pls', 'send', 'email', 'could', 'forward', 'resume', 'reference', 'letters', 'training', 'certificates', 'supporting', 'documents', 'employers', 'email', 'phungque73', 'com', 'skype', 'quehr73', 'Hand', 'phone', 'Vietnam', '84', 'legally', 'willing', 'relocate', 'work', 'Canada', 'due', 'children', 'future', 'educations', 'Thank', 'much']","['hi', 'hr', u'member', u'group', u'look', 'hr', u'administr', u'job', u'opportun', u'canada', u'work', 'hr', u'adm', u'servic', u'year', u'head', 'hr', u'adm', u'samsung', u'electron', u'braun', u'shin', u'textil', u'solut', u'manufactur', u'plant', u'factori', u'vietnam', u'somerset', u'properti', u'apart', u'offic', u'servic', u'invest', u'korean', u'germani', u'singaporean', u'year', u'front', u'offic', u'hotel', u'manag', u'accor', u'franc', u'aug', u'april', u'work', 'hr', u'adm', u'samsung', u'electron', u'vietnam', u'manufactur', u'000', u'employe', u'produc', u'cell', u'phone', u'product', u'brand', u'name', u'samsung', u'hand', u'phone', u'april', u'aug', u'work', 'hr', 'bp', u'manag', u'braun', u'vietnam', u'two', u'plant', u'factori', u'pharmaceut', u'medic', u'devic', u'500', u'employe', u'invest', u'germani', u'jul', u'april', u'work', 'hr', u'director', u'somerset', u'properti', u'apart', u'offic', u'servic', u'employe', u'three', u'properti', u'hanoi', u'feb', u'jun', u'work', u'head', 'hr', u'adm', u'shin', u'textil', u'solut', u'garment', u'factori', u'500', u'employe', u'invest', u'korean', u'dec', u'work', u'front', u'offic', u'manag', u'halong', u'dream', u'hotel', u'four', u'star', u'standard', u'nomin', 'vn', u'tourism', u'administr', u'work', u'receptionist', u'sofitel', u'plaza', u'hotel', u'five', u'star', u'standard', u'nomin', 'vn', u'tourism', u'administr', u'qualif', u'graduat', u'bachelor', u'degre', u'english', u'foreign', u'languag', u'univers', u'vietnam', u'full', u'name', u'tran', u'van', u'que', u'gender', u'male', u'marri', u'year', u'boy', u'grade', u'daughter', u'year', u'wife', u'work', u'account', u'teacher', u'hanoi', u'colleg', u'present', u'use', u'work', u'account', u'namcuong', u'hotel', u'graduat', u'master', u'degre', u'account', u'trade', u'univers', u'vietnam', u'appreci', u'could', u'kind', u'recommend', u'pls', u'send', u'email', u'could', u'forward', u'resum', u'refer', u'letter', u'train', u'certif', u'support', u'document', u'employ', u'email', u'phungque73', u'com', u'skype', u'quehr73', u'hand', u'phone', u'vietnam', '84', u'legal', u'will', u'reloc', u'work', u'canada', u'due', u'children', u'futur', u'educ', u'thank', u'much']","Hi HR Members in groups,
I am looking for HR and Administrative job opportunity in Canada.
I have been working in HR and Adm Services about 12 years as Head of HR and Adm at Samsung Electronics, B.Braun and Shin Textile Solutions Manufacturing/plants/Factories in Vietnam  and Somerset properties in apartment and Offices Services invested by Korean, Germany, Singaporean and 6 years in Front Office at hotels managed by Accor France...
1) from Aug 2013 to April 2016 worked as HR and Adm at Samsung Electronics Vietnam  manufacturing with 65,000 employees and to produce the cell phone products branding name as Samsung hand phone.
2) from April 2010 to Aug 2013 worked as HR and BP Manager at B.Braun Vietnam two plants/factories in Pharmaceuticals and Medical Devices with 2,500 employees invested by Germany.
3) from Jul 2008 to April 2010 worked as HR Director at Somerset properties in apartment and office services with 650 employees at three properties in Hanoi.
4) from Feb 2004 to Jun 2008 worked as Head of HR and Adm at Shin Textiles Solutions garment factories with 4,500 employees invested by Korean
5) from Dec 2001 to 2004 worked as Front Office Manager at Halong Dream Hotel  with four star standard as nominated by VN Tourism Administration.
6) from 1997 to 1999 worked as Receptionist at Sofitel Plaza Hotel with five star standard nominated by VN Tourism Administration.
> Qualification: graduated with a bachelor degree in English at Foreign Languages University Vietnam.
My full name is Tran Van Que
Gender: Male
Married with 10 years boy in grade 4 and a daughter 3 years
My wife is working as Accounting Teacher at Hanoi College from 2010 to present and she used to worked as Accountant at Namcuong hotel from 2005 to 2009 and she graduated with Master degree of Accounting at Trade University of Vietnam.
Appreciated if we could have your kind recommendation.
Pls send me a email so that I could forward my resume, reference letters, training certificates and other supporting documents from my employers.

My email: phungque73@gmail.com
My skype: quehr73
Hand phone in Vietnam (84) 963655265
I am legally willing to relocate to work in Canada due my children""s future educations.
Thank you so much",0.1014705882352941,Neutral
108,108,108,727223377431959_728482017306095,123326971154939_727223377431959,,2016-11-10 16:08:59,0,0,0,0,0,0,0,0,Nutirition North Program... Nutrition North Education Initiatives...,['#NNC'],[],Nutirition North Program Nutrition North Education Initiatives,"['Nutirition', 'North', 'Program', 'Nutrition', 'North', 'Education', 'Initiatives']","[u'nutirit', u'north', u'program', u'nutrit', u'north', u'educ', u'initi']","#NNC 
Nutirition North Program...
Nutrition North Education Initiatives...",0.0,Neutral
109,109,109,727223377431959_727456997408597,123326971154939_727223377431959,,2016-11-08 22:53:18,1,1,0,0,0,0,0,0,"Frankie Dick, right next door",[],[],Frankie Dick right next door,"['Frankie', 'Dick', 'right', 'next', 'door']","[u'franki', u'dick', u'right', u'next', u'door']","Frankie Dick, right next door",0.14285714285714285,Neutral
110,110,110,727223377431959_727458994075064,123326971154939_727223377431959,727223377431959_727456997408597,2016-11-08 22:59:27,0,0,0,0,0,0,0,0,Next door? That's like days of driving lol,[],[],Next door like days driving lol,"['Next', 'door', 'like', 'days', 'driving', 'lol']","[u'next', u'door', u'like', u'day', u'drive', u'lol']",Next door? That's like 2 days of driving lol,0.4,Positive
111,111,111,727223377431959_728292457325051,123326971154939_727223377431959,,2016-11-10 10:16:03,0,0,0,0,0,0,0,0,Marilyn Wood,[],[],Marilyn Wood,"['Marilyn', 'Wood']","[u'marilyn', u'wood']",Marilyn Wood,0.0,Neutral
112,112,112,726672724153691_729658303855133,123326971154939_726672724153691,,2016-11-12 18:58:20,0,0,0,0,0,0,0,0,"""Don't eat chips and high sugar foods"" aight I'm out",[],[],eat chips high sugar foods aight,"['eat', 'chips', 'high', 'sugar', 'foods', 'aight']","[u'eat', u'chip', u'high', u'sugar', u'food', u'aight']","""Don't eat chips and high sugar foods"" aight I'm out",0.16,Neutral
113,113,113,719181618236135_719196794901284,123326971154939_719181618236135,,2016-10-27 09:09:41,0,0,0,0,0,0,0,0,When will you be coming to Gjoa Haven?,[],[],coming Gjoa,"['coming', 'Gjoa']","[u'come', u'gjoa']",When will you be coming to Gjoa Haven?,0.0,Neutral
114,114,114,719181618236135_719270834893880,123326971154939_719181618236135,719181618236135_719196794901284,2016-10-27 11:40:55,0,0,0,0,0,0,0,0,"NNC engagement sessions are taking place in approximately communities across Northern Canada. If you cannot attend a session in person, please fill out this online survey: 8 . You could also send your thoughts by email to: nutritionnorth-aandc.gc.ca [[SHARE]]",[],['http://ow.ly/oOKo305B8a'],NNC engagement sessions taking place approximately communities across Northern Canada cannot attend session person please fill online survey could also send thoughts email nutritionnorth aandc gc ca SHARE,"['NNC', 'engagement', 'sessions', 'taking', 'place', 'approximately', 'communities', 'across', 'Northern', 'Canada', 'cannot', 'attend', 'session', 'person', 'please', 'fill', 'online', 'survey', 'could', 'also', 'send', 'thoughts', 'email', 'nutritionnorth', 'aandc', 'gc', 'ca', 'SHARE']","[u'nnc', u'engag', u'session', u'take', u'place', u'approxim', u'communiti', u'across', u'northern', u'canada', u'cannot', u'attend', u'session', u'person', u'pleas', u'fill', u'onlin', u'survey', u'could', u'also', u'send', u'thought', u'email', u'nutritionnorth', u'aandc', 'gc', 'ca', u'share']","NNC engagement sessions are taking place in approximately 20 communities across Northern Canada. If you cannot attend a session in person, please fill out this online survey: http://ow.ly/oOKo305B8a8 . You could also send your thoughts by email to: nutritionnorth@aadnc-aandc.gc.ca [[SHARE]]",-0.4,Negative
115,115,115,719181618236135_723541424466821,123326971154939_719181618236135,,2016-11-02 19:44:38,0,0,0,0,0,0,0,0,anybody know what time this is happening?,[],[],anybody know time happening,"['anybody', 'know', 'time', 'happening']","[u'anybodi', u'know', u'time', u'happen']",anybody know what time this is happening?,0.0,Neutral
116,116,116,700920636728900_700925186728445,123326971154939_700920636728900,,2016-09-26 11:00:32,0,0,0,0,0,0,0,0,Are these sessions being held in other communities or just in Iqaluit?,[],[],sessions held communities Iqaluit,"['sessions', 'held', 'communities', 'Iqaluit']","[u'session', u'held', u'communiti', u'iqaluit']",Are these sessions being held in other communities or just in Iqaluit?,-0.125,Neutral
117,117,117,700920636728900_700989020055395,123326971154939_700920636728900,700920636728900_700925186728445,2016-09-26 13:24:30,0,0,0,0,0,0,0,0,List of communities on list page ... 2 [[SHARE]],[],['http://www.nutritionnorthcanada.gc.ca/eng/1464190223830/146419039713'],List communities list page SHARE,"['List', 'communities', 'list', 'page', 'SHARE']","[u'list', u'communiti', u'list', u'page', u'share']",List of communities on list page ... http://www.nutritionnorthcanada.gc.ca/eng/1464190223830/1464190397132 [[SHARE]],0.0,Neutral
118,118,118,700850970069200_701931726627791,123326971154939_700850970069200,,2016-09-28 09:53:05,1,1,0,0,0,0,0,0,It would be helpful if this survey was available in Inuktitut. Please and thank you.,[],[],would helpful survey available Inuktitut Please thank,"['would', 'helpful', 'survey', 'available', 'Inuktitut', 'Please', 'thank']","[u'would', u'help', u'survey', u'avail', u'inuktitut', u'pleas', u'thank']",It would be helpful if this survey was available in Inuktitut. Please and thank you.,0.4,Positive
119,119,119,698373546983609_702410546579909,123326971154939_698373546983609,,2016-09-29 07:37:47,0,0,0,0,0,0,0,0,I would like to send a few little books to you about lunch boxes for kids if that would be appropriate I am in Australia but you could adapt using the food groups,[],[],would like send little books lunch boxes kids would appropriate Australia could adapt using food groups,"['would', 'like', 'send', 'little', 'books', 'lunch', 'boxes', 'kids', 'would', 'appropriate', 'Australia', 'could', 'adapt', 'using', 'food', 'groups']","[u'would', u'like', u'send', u'littl', u'book', u'lunch', u'box', u'kid', u'would', u'appropri', u'australia', u'could', u'adapt', u'use', u'food', u'group']",I would like to send a few little books to you about lunch boxes for kids if that would be appropriate I am in Australia but you could adapt using the food groups,0.0375,Neutral
120,120,120,698373546983609_702410859913211,123326971154939_698373546983609,,2016-09-29 07:39:16,0,0,0,0,0,0,0,0,PS lived in Pond Inlet for years,[],[],PS lived Pond Inlet years,"['PS', 'lived', 'Pond', 'Inlet', 'years']","['ps', u'live', u'pond', u'inlet', u'year']",PS lived in Pond Inlet for 2 years,0.0,Neutral
121,121,121,664411863713111_678386038982360,123326971154939_664411863713111,,2016-08-15 13:11:00,1,1,0,0,0,0,0,0,(Why do you torcher your citizens and have cops look the other way?),[],[],torcher citizens cops look way,"['torcher', 'citizens', 'cops', 'look', 'way']","[u'torcher', u'citizen', u'cop', u'look', u'way']",(Why do you torcher your citizens and have cops look the other way?),-0.125,Neutral
122,122,122,664411863713111_683347845152846,123326971154939_664411863713111,,2016-08-24 22:29:31,0,0,0,0,0,0,0,0,Nutrition North my ass. Not according to APTN Investigates.,[],[],Nutrition North ass according APTN Investigates,"['Nutrition', 'North', 'ass', 'according', 'APTN', 'Investigates']","[u'nutrit', u'north', u'ass', u'accord', u'aptn', u'investig']",Nutrition North my ass. Not according to APTN Investigates.,0.0,Neutral
123,123,123,659069027580728_678386132315684,123326971154939_659069027580728,,2016-08-15 13:11:07,0,0,0,0,0,0,0,0,(Why do you torcher your citizens and have cops look the other way?),[],[],torcher citizens cops look way,"['torcher', 'citizens', 'cops', 'look', 'way']","[u'torcher', u'citizen', u'cop', u'look', u'way']",(Why do you torcher your citizens and have cops look the other way?),-0.125,Neutral
124,124,124,651318355022462_678386215649009,123326971154939_651318355022462,,2016-08-15 13:11:13,0,0,0,0,0,0,0,0,(Why do you torcher your citizens and have cops look the other way?),[],[],torcher citizens cops look way,"['torcher', 'citizens', 'cops', 'look', 'way']","[u'torcher', u'citizen', u'cop', u'look', u'way']",(Why do you torcher your citizens and have cops look the other way?),-0.125,Neutral
125,125,125,650858935068404_683348001819497,123326971154939_650858935068404,,2016-08-24 22:30:16,0,0,0,0,0,0,0,0,Start by making food affordable.,[],[],Start making food affordable,"['Start', 'making', 'food', 'affordable']","[u'start', u'make', u'food', u'afford']",Start by making food affordable.,0.0,Neutral
126,126,126,650078245146473_678386235649007,123326971154939_650078245146473,,2016-08-15 13:11:20,0,0,0,0,0,0,0,0,(Why do you torcher your citizens and have cops look the other way?),[],[],torcher citizens cops look way,"['torcher', 'citizens', 'cops', 'look', 'way']","[u'torcher', u'citizen', u'cop', u'look', u'way']",(Why do you torcher your citizens and have cops look the other way?),-0.125,Neutral
127,127,127,649118348575796_678389855648645,123326971154939_649118348575796,,2016-08-15 13:24:24,0,0,0,0,0,0,0,0,(Why do you torcher your citizens and have cops look the other way?),[],[],torcher citizens cops look way,"['torcher', 'citizens', 'cops', 'look', 'way']","[u'torcher', u'citizen', u'cop', u'look', u'way']",(Why do you torcher your citizens and have cops look the other way?),-0.125,Neutral
128,128,128,642296745924623_642828599204771,123326971154939_642296745924623,,2016-05-31 23:29:15,0,0,0,0,0,0,0,0,Long over due but I'm glad to see it happening. Anything is an improvement! As a nation I'm ashamed when I see how they have to live. It's almost like the government is still trying to force them off the reservations so they will no longer be responsible for their sub-standard living conditions.,[],[],Long due glad see happening Anything improvement nation ashamed see live almost like government still trying force reservations longer responsible sub standard living conditions,"['Long', 'due', 'glad', 'see', 'happening', 'Anything', 'improvement', 'nation', 'ashamed', 'see', 'live', 'almost', 'like', 'government', 'still', 'trying', 'force', 'reservations', 'longer', 'responsible', 'sub', 'standard', 'living', 'conditions']","[u'long', u'due', u'glad', u'see', u'happen', u'anyth', u'improv', u'nation', u'asham', u'see', u'live', u'almost', u'like', u'govern', u'still', u'tri', u'forc', u'reserv', u'longer', u'respons', u'sub', u'standard', u'live', u'condit']",Long over due but I'm glad to see it happening. Anything is an improvement! As a nation I'm ashamed when I see how they have to live. It's almost like the government is still trying to force them off the reservations so they will no longer be responsible for their sub-standard living conditions.,0.1572727272727273,Neutral
129,129,129,642296745924623_678389942315303,123326971154939_642296745924623,,2016-08-15 13:24:51,0,0,0,0,0,0,0,0,(Why do you torcher your citizens and have cops look the other way?),[],[],torcher citizens cops look way,"['torcher', 'citizens', 'cops', 'look', 'way']","[u'torcher', u'citizen', u'cop', u'look', u'way']",(Why do you torcher your citizens and have cops look the other way?),-0.125,Neutral
