,Unnamed: 0,Unnamed: 0.1,comment_id,status_id,parent_id,comment_published,num_reactions,num_likes,num_loves,num_wows,num_hahas,num_sads,num_angrys,num_special,comment_message_cleaned,hashtags,urls,text_filtered,text_tokenized,text_stemmed,text_original,text_sentiment_original_scores,text_sentiment_original_scores_type
0,0,0,640945392752129_640984602748208,566325673547435_640945392752129,,2017-01-04 12:17:45,0,0,0,0,0,0,0,0,On a combien de temps pour vous signaler une mésaventure ?,[],[],combien de temps pour vous signaler une saventure,"['combien', 'de', 'temps', 'pour', 'vous', 'signaler', 'une', 'saventure']","[u'combien', 'de', u'temp', u'pour', u'vous', u'signal', u'une', u'saventur']",On a combien de temps pour vous signaler une mésaventure ?,0.0,Neutral
1,1,1,640945392752129_641004586079543,566325673547435_640945392752129,640945392752129_640984602748208,2017-01-04 13:05:18,0,0,0,0,0,0,0,0,"Bonjour Johanne, En général il n'y a pas de date limite pour déposer une plainte auprès de l'Office si vous avez toujours la documentation nécessaire. Par contre, les lignes aériennes ont des date limite pour les plaintes de bagage, celles-ci peuvent variés d'une ligne aérienne à une autre. Avant de déposer une plainte, vous devriez tenter de résoudre tout problème avec votre ligne aérienne.",[],[],Bonjour Johanne En ral il pas de date limite pour poser une plainte de Office si vous avez toujours la documentation cessaire Par contre les lignes riennes ont des date limite pour les plaintes de bagage celles ci peuvent une ligne rienne une autre Avant de poser une plainte vous devriez tenter de soudre tout avec votre ligne rienne,"['Bonjour', 'Johanne', 'En', 'ral', 'il', 'pas', 'de', 'date', 'limite', 'pour', 'poser', 'une', 'plainte', 'de', 'Office', 'si', 'vous', 'avez', 'toujours', 'la', 'documentation', 'cessaire', 'Par', 'contre', 'les', 'lignes', 'riennes', 'ont', 'des', 'date', 'limite', 'pour', 'les', 'plaintes', 'de', 'bagage', 'celles', 'ci', 'peuvent', 'une', 'ligne', 'rienne', 'une', 'autre', 'Avant', 'de', 'poser', 'une', 'plainte', 'vous', 'devriez', 'tenter', 'de', 'soudre', 'tout', 'avec', 'votre', 'ligne', 'rienne']","[u'bonjour', u'johann', 'en', u'ral', 'il', u'pas', 'de', u'date', u'limit', u'pour', u'poser', u'une', u'plaint', 'de', u'offic', 'si', u'vous', u'avez', u'toujour', 'la', u'document', u'cessair', u'par', u'contr', u'les', u'lign', u'rienn', u'ont', u'des', u'date', u'limit', u'pour', u'les', u'plaint', 'de', u'bagag', u'cell', 'ci', u'peuvent', u'une', u'lign', u'rienn', u'une', u'autr', u'avant', 'de', u'poser', u'une', u'plaint', u'vous', u'devriez', u'tenter', 'de', u'soudr', u'tout', u'avec', u'votr', u'lign', u'rienn']","Bonjour Johanne,

En général il n'y a pas de date limite pour déposer une plainte auprès de l'Office si vous avez toujours la documentation nécessaire. Par contre, les lignes aériennes ont des date limite pour les plaintes de bagage, celles-ci peuvent variés d'une ligne aérienne à une autre. Avant de déposer une plainte, vous devriez tenter de résoudre tout problème avec votre ligne aérienne.",0.0,Neutral
2,2,2,640945392752129_641236856056316,566325673547435_640945392752129,640945392752129_640984602748208,2017-01-05 01:12:56,0,0,0,0,0,0,0,0,Office des transports du Canada : merci,[],[],Office transports Canada merci,"['Office', 'transports', 'Canada', 'merci']","[u'offic', u'transport', u'canada', u'merci']",Office des transports du Canada : merci,0.0,Neutral
3,3,3,591713971008605_591804640999538,566325673547435_591713971008605,,2016-09-28 13:11:55,1,1,0,0,0,0,0,0,Pascal Thériault,[],[],Pascal riault,"['Pascal', 'riault']","[u'pascal', u'riault']",Pascal Thériault,0.0,Neutral
4,4,4,578162492363753_578168439029825,566325673547435_578162492363753,,2016-08-30 13:20:09,0,0,0,0,0,0,0,0,"Tant que l'avion se pose en sécurité et que je puisse débarquer, je n'aurai pas grand chose à chiâler.....",[],[],Tant que avion se pose en et que je puisse barquer je aurai pas grand chose ler,"['Tant', 'que', 'avion', 'se', 'pose', 'en', 'et', 'que', 'je', 'puisse', 'barquer', 'je', 'aurai', 'pas', 'grand', 'chose', 'ler']","[u'tant', u'que', u'avion', 'se', u'pose', 'en', 'et', u'que', 'je', u'puiss', u'barquer', 'je', u'aurai', u'pas', u'grand', u'chose', u'ler']","Tant que l'avion se pose en sécurité et que je puisse débarquer, je n'aurai pas grand chose à chiâler.....",0.5,Positive
