,Unnamed: 0,Unnamed: 0.1,Unnamed: 0.1.1,Unnamed: 0.1.1.1,owner,created_at,id,post_id,text_cleaned,hashtags,urls,text_filtered,text_tokenized,text_stemmed,text_filtered_spell_corrected,text_sentiment_scores,text_corrected_sentiment_scores,text_sentiment_scores_type,text_corrected_sentiment_scores_type,text_original,text_sentiment_original_scores,text_sentiment_original_scores_type
0,0,0,0,0,"{""username"":""environnementcan"",""profile_pic_url"":""https://instagram.fyvr3-1.fna.fbcdn.net/t51.2885-19/s150x150/25016584_1248753311891192_7797948622686912512_n.jpg"",""id"":""3913646610""}",1476795585,1.78645e+16,2016-10-18_05-58-54,étro ère Été éeDeLaPersonne,"['#FraserValley', '#Conservation', '#BirdNerd', '#Oiseaux', '#JeudiR', '#RetourEnArri', '#', '#Faune', '#Flore', '#Journ', '#SansFiltre', '#TBT']",[],tro eDeLaPersonne,"['tro', 'eDeLaPersonne']","[u'tro', u'edelapersonn']",to eDeLaPersonne,0.0,0.0,Neutral,Neutral,#FraserValley #Conservation #BirdNerd #Oiseaux #JeudiRétro #RetourEnArrière #Été #Faune #Flore #JournéeDeLaPersonne #SansFiltre #TBT,0.0,Neutral
1,1,1,1,1,"{""username"":""environnementcan"",""profile_pic_url"":""https://instagram.fyvr3-1.fna.fbcdn.net/t51.2885-19/s150x150/25016584_1248753311891192_7797948622686912512_n.jpg"",""id"":""3913646610""}",1476878933,1.78434e+16,2016-10-19_05-07-33,étéo étéo étéorologie étéo étéo ôtièreCanadienne étéo ,"['#M', '#StationM', '#WeatherNerd', '#Vancouver', '#M', '#PhotosM', '#InstaM', '#GardeC', '#MercrediM', '#NoFilter', '#SansFiltre']",[],orologie reCanadienne,"['orologie', 'reCanadienne']","[u'orologi', u'recanadienn']",orologie reCanadienne,0.0,0.0,Neutral,Neutral,#Météo #StationMétéo #WeatherNerd #Vancouver #Météorologie #PhotosMétéo #InstaMétéo #GardeCôtièreCanadienne #MercrediMétéo #NoFilter\n\n#SansFiltre,0.0,Neutral
2,2,2,2,2,"{""username"":""environnementcan"",""profile_pic_url"":""https://instagram.fyvr3-1.fna.fbcdn.net/t51.2885-19/s150x150/25016584_1248753311891192_7797948622686912512_n.jpg"",""id"":""3913646610""}",1476976886,1.78533e+16,2016-10-20_07-19-42,,"['#Oiseaux', '#Mer', '#Ocean', '#Conservation', '#InstaBirds', '#Puffin', '#Puffins', '#Macareux', '#Atlantique', '#Maritimes', '#PhotoOfTheDay']",[],,['nan'],[u'nan'],,0.0,0.0,Neutral,Neutral,#Oiseaux #Mer #Ocean #Conservation #InstaBirds #Puffin #Puffins #Macareux #Atlantique #Maritimes #PhotoOfTheDay,0.0,Neutral
3,3,3,3,3,"{""username"":""environnementcan"",""profile_pic_url"":""https://instagram.fyvr3-1.fna.fbcdn.net/t51.2885-19/s150x150/25016584_1248753311891192_7797948622686912512_n.jpg"",""id"":""3913646610""}",1477063659,1.78435e+16,2016-10-21_08-26-00,,"['#Conservation', '#Grasslands', '#BC', '#BeautifulBC', '#ExploreBC', '#Kamloops', '#Nature', '#Ornithologie', '#Explorer', '#Vendredi', '#MiniVan', '#Aventures', '#NoFilter']",[],,['nan'],[u'nan'],,0.0,0.0,Neutral,Neutral,#Conservation #Grasslands #BC #BeautifulBC #ExploreBC #Kamloops #Nature #Ornithologie #Explorer #Vendredi #MiniVan #Aventures #NoFilter,0.0,Neutral
4,4,4,4,4,"{""username"":""environnementcan"",""profile_pic_url"":""https://instagram.fyvr3-1.fna.fbcdn.net/t51.2885-19/s150x150/25016584_1248753311891192_7797948622686912512_n.jpg"",""id"":""3913646610""}",1477318073,1.78645e+16,2016-10-24_07-07-04,,"['#MondaysGotMeLike', '#MondayGotMeLike', '#MondayMotivation', '#MondayFeeling', '#IsItFridayYet', '#Owl', '#Owls', '#InstaOwls', '#InstaBirds', '#OwlsOfInstagram', '#PhotoOfTheDay', '#Reconyx', '#Wildlife']",[],,['nan'],[u'nan'],,0.0,0.0,Neutral,Neutral,#MondaysGotMeLike #MondayGotMeLike #MondayMotivation #MondayFeeling #IsItFridayYet #Owl #Owls #InstaOwls  #InstaBirds #OwlsOfInstagram #PhotoOfTheDay #Reconyx #Wildlife,0.0,Neutral
5,5,5,5,5,"{""username"":""environnementcan"",""profile_pic_url"":""https://instagram.fyvr3-1.fna.fbcdn.net/t51.2885-19/s150x150/25016584_1248753311891192_7797948622686912512_n.jpg"",""id"":""3913646610""}",1477318056,1.78646e+16,2016-10-24_07-07-04,,"['#Hibou', '#Hiboux', '#Oiseaux', '#Faune', '#Lundi', '#LundiMatin', '#Reconyx', '#Canada']",[],,['nan'],[u'nan'],,0.0,0.0,Neutral,Neutral,#Hibou #Hiboux #Oiseaux #Faune #Lundi #LundiMatin #Reconyx #Canada,0.0,Neutral
6,6,6,6,6,"{""username"":""travelstylenews"",""profile_pic_url"":""https://instagram.fyvr3-1.fna.fbcdn.net/t51.2885-19/s150x150/18382651_1376516069095659_3288503141099634688_n.jpg"",""id"":""3838814206""}",1477452127,1.78436e+16,2016-10-25_08-02-00,Great,[],[],Great,['Great'],[u'great'],Great,0.8,0.8,Positive,Positive,Great :),0.65,Positive
7,7,7,7,7,"{""username"":""environnementcan"",""profile_pic_url"":""https://instagram.fyvr3-1.fna.fbcdn.net/t51.2885-19/s150x150/25016584_1248753311891192_7797948622686912512_n.jpg"",""id"":""3913646610""}",1477407760,1.78557e+16,2016-10-25_08-02-00,âceÀElle étro étro Égalité éminisme,"['#Gr', '#Oiseaux', '#Faune', '#Biologistes', '#MoisDeLaFemme', '#R', '#TBT', '#MardiR', '#Femmes', '#', '#F', '#Arctique', '#GirlPower', '#BirdYear', '#NoFilter']",[],Elle tro tro minisme,"['Elle', 'tro', 'tro', 'minisme']","[u'ell', u'tro', u'tro', u'minism']",Mlle to to minister,0.0,0.0,Neutral,Neutral,#GrâceÀElle #Oiseaux #Faune #Biologistes #MoisDeLaFemme #Rétro #TBT #MardiRétro #Femmes #Égalité #Féminisme #Arctique #GirlPower #BirdYear #NoFilter,0.0,Neutral
8,8,8,8,8,"{""username"":""thegreatjoceline"",""profile_pic_url"":""https://instagram.fyvr3-1.fna.fbcdn.net/t51.2885-19/s150x150/14134621_1589686114668080_820281783_a.jpg"",""id"":""3684009738""}",1477514772,1.7865e+16,2016-10-26_07-29-26,Instructifs!,[],[],Instructifs,['Instructifs'],[u'instructif'],Instructifs,0.0,0.0,Neutral,Neutral,Instructifs!,0.0,Neutral
9,9,9,9,9,"{""username"":""environnementcan"",""profile_pic_url"":""https://instagram.fyvr3-1.fna.fbcdn.net/t51.2885-19/s150x150/25016584_1248753311891192_7797948622686912512_n.jpg"",""id"":""3913646610""}",1477492248,1.7864e+16,2016-10-26_07-29-26,,"['#MercrediFaune', '#Faune', '#Nature', '#ExploreBC', '#BC', '#Canada', '#Oiseaux', '#Ornithologie', '#FraserRiver', '#Heron', '#Aventures', '#Biologie']",[],,['nan'],[u'nan'],,0.0,0.0,Neutral,Neutral,#MercrediFaune #Faune #Nature #ExploreBC #BC #Canada #Oiseaux #Ornithologie #FraserRiver #Heron #Aventures #Biologie,0.0,Neutral
10,10,10,10,10,"{""username"":""environnementcan"",""profile_pic_url"":""https://instagram.fyvr3-1.fna.fbcdn.net/t51.2885-19/s150x150/25016584_1248753311891192_7797948622686912512_n.jpg"",""id"":""3913646610""}",1477579975,1.78544e+16,2016-10-27_07-52-28,étro étéo,"['#JeudiR', '#M', '#Hiver', '#Neige', '#PhotoDuJour', '#Sansfiltre', '#NoFilter', '#ExploreBC', '#BC', '#Vancouver', '#Whistler']",[],tro,['tro'],[u'tro'],to,0.0,0.0,Neutral,Neutral,#JeudiRétro #Météo #Hiver #Neige #PhotoDuJour #Sansfiltre #NoFilter #ExploreBC #BC #Vancouver #Whistler,0.0,Neutral
11,11,11,11,11,"{""username"":""environnementcan"",""profile_pic_url"":""https://instagram.fyvr3-1.fna.fbcdn.net/t51.2885-19/s150x150/25016584_1248753311891192_7797948622686912512_n.jpg"",""id"":""3913646610""}",1477666598,1.78643e+16,2016-10-28_07-56-15,élicoptère éan,"['#Phare', '#Vancouver', '#ExploreBC', '#H', '#OuestCanadien', '#Pacifique', '#Oc', '#PhotoDuJour']",[],,[],[],,0.0,0.0,Neutral,Neutral,#Phare #Vancouver #ExploreBC #Hélicoptère #OuestCanadien #Pacifique #Océan #PhotoDuJour,0.0,Neutral
12,12,12,12,12,"{""username"":""environnementcan"",""profile_pic_url"":""https://instagram.fyvr3-1.fna.fbcdn.net/t51.2885-19/s150x150/25016584_1248753311891192_7797948622686912512_n.jpg"",""id"":""3913646610""}",1477921765,1.78567e+16,2016-10-31_06-48-21,,"['#Halloween', '#Hibou', '#Hiboux', '#Oiseau', '#Oiseaux', '#Reconyx', '#Faune', '#Canada', '#CanEnvironnement', '#Enviroween']",[],,['nan'],[u'nan'],,0.0,0.0,Neutral,Neutral,#Halloween #Hibou #Hiboux #Oiseau #Oiseaux #Reconyx #Faune  #Canada #CanEnvironnement #Enviroween,0.0,Neutral
13,13,13,13,13,"{""username"":""environnementcan"",""profile_pic_url"":""https://instagram.fyvr3-1.fna.fbcdn.net/t51.2885-19/s150x150/25016584_1248753311891192_7797948622686912512_n.jpg"",""id"":""3913646610""}",1478018824,1.78538e+16,2016-11-01_09-46-19,,"['#Biologie', '#Migration', '#Science', '#Faune', '#Oiseaux', '#Oiseau', '#NouveauBrunswick', '#NB', '#Atlantique', '#BirdNerds', '#EnvironnementCan']",[],,['nan'],[u'nan'],,0.0,0.0,Neutral,Neutral,#Biologie #Migration #Science #Faune #Oiseaux #Oiseau #NouveauBrunswick #NB #Atlantique  #BirdNerds #EnvironnementCan,0.0,Neutral
14,14,14,14,14,"{""username"":""environnementcan"",""profile_pic_url"":""https://instagram.fyvr3-1.fna.fbcdn.net/t51.2885-19/s150x150/25016584_1248753311891192_7797948622686912512_n.jpg"",""id"":""3913646610""}",1478096284,1.78545e+16,2016-11-02_07-17-06,égée ôture,"['#MilieuHumide', '#MilieuxHumides', '#TerreHumide', '#TerresHumides', '#CanEnvironment', '#AireProt', '#Alberta', '#Cl', '#Faune', '#Biologistes']",[],ture,['ture'],[u'ture'],true,0.0,0.35,Neutral,Positive,#MilieuHumide #MilieuxHumides #TerreHumide #TerresHumides #CanEnvironment #AireProtégée #Alberta #Clôture #Faune #Biologistes,0.0,Neutral
15,15,15,15,15,"{""username"":""environnementcan"",""profile_pic_url"":""https://instagram.fyvr3-1.fna.fbcdn.net/t51.2885-19/s150x150/25016584_1248753311891192_7797948622686912512_n.jpg"",""id"":""3913646610""}",1478189063,1.78439e+16,2016-11-03_09-03-36,,"['#EauDouce', '#Science', '#Scientifiques', '#Insectes', '#NouvelleEcosse', '#Automne', '#EnvironnementCan']",[],,['nan'],[u'nan'],,0.0,0.0,Neutral,Neutral,#EauDouce #Science #Scientifiques #Insectes #NouvelleEcosse #Automne #EnvironnementCan,0.0,Neutral
16,16,16,16,16,"{""username"":""environnementcan"",""profile_pic_url"":""https://instagram.fyvr3-1.fna.fbcdn.net/t51.2885-19/s150x150/25016584_1248753311891192_7797948622686912512_n.jpg"",""id"":""3913646610""}",1478263704,1.7844e+16,2016-11-04_05-47-44,,"['#HamOnt', '#Eau', '#GrandsLacs', '#Ontario', '#RandleReef', '#Poisson', '#Tourisme', '#Vendredi', '#Ontario']",[],,['nan'],[u'nan'],,0.0,0.0,Neutral,Neutral,#HamOnt #Eau #GrandsLacs #Ontario #RandleReef #Poisson #Tourisme #Vendredi #Ontario,0.0,Neutral
17,17,17,17,17,"{""username"":""environnementcan"",""profile_pic_url"":""https://instagram.fyvr3-1.fna.fbcdn.net/t51.2885-19/s150x150/25016584_1248753311891192_7797948622686912512_n.jpg"",""id"":""3913646610""}",1478533387,1.78658e+16,2016-11-07_07-42-47,,"['#Caribou', '#Toundra', '#Ontario', '#Faune', '#AnimauxSauvages', '#Animaux', '#Photo', '#EnvironnementCan', '#Lundi']",[],,['nan'],[u'nan'],,0.0,0.0,Neutral,Neutral,#Caribou #Toundra #Ontario #Faune #AnimauxSauvages #Animaux #Photo #EnvironnementCan #Lundi,0.0,Neutral
18,18,18,18,18,"{""username"":""environnementcan"",""profile_pic_url"":""https://instagram.fyvr3-1.fna.fbcdn.net/t51.2885-19/s150x150/25016584_1248753311891192_7797948622686912512_n.jpg"",""id"":""3913646610""}",1478618186,1.78652e+16,2016-11-08_07-15-49,étro égée éserveFaunique,"['#Feux', '#Feu', '#Pompiers', '#Prairies', '#Faune', '#Saskatchewan', '#Biologistes', '#MardiR', '#AireProt', '#R']",[],tro serveFaunique,"['tro', 'serveFaunique']","[u'tro', u'servefauniqu']",to serveFaunique,0.0,0.0,Neutral,Neutral,#Feux #Feu #Pompiers #Prairies #Faune #Saskatchewan #Biologistes #MardiRétro #AireProtégée #RéserveFaunique,0.0,Neutral
19,19,19,19,19,"{""username"":""environnementcan"",""profile_pic_url"":""https://instagram.fyvr3-1.fna.fbcdn.net/t51.2885-19/s150x150/25016584_1248753311891192_7797948622686912512_n.jpg"",""id"":""3913646610""}",1478799360,1.78648e+16,2016-11-10_09-34-27,éeDeLaScience,"['#Journ', '#Science', '#Scientifique', '#Eau', '#EauDouce', '#EauPropre', '#Bateau', '#Laboratoire', '#EnvironnementCan', '#GrandsLacs']",[],eDeLaScience,['eDeLaScience'],[u'edelasci'],eDeLaScience,0.0,0.0,Neutral,Neutral,#JournéeDeLaScience #Science #Scientifique #Eau #EauDouce #EauPropre #Bateau #Laboratoire #EnvironnementCan #GrandsLacs,0.0,Neutral
20,20,20,20,20,"{""username"":""thekjglobe"",""profile_pic_url"":""https://instagram.fyvr3-1.fna.fbcdn.net/t51.2885-19/11271050_1565083593756634_129365333_a.jpg"",""id"":""11257375""}",1479578397,1.78445e+16,2016-11-10_11-06-40,I'm traveling the world!! Witch country do you suggest me going to?!! Looking forward!!,[],[],traveling world Witch country suggest going Looking forward,"['traveling', 'world', 'Witch', 'country', 'suggest', 'going', 'Looking', 'forward']","[u'travel', u'world', u'witch', u'countri', u'suggest', u'go', u'look', u'forward']",traveling world Pitch country suggest going Looking forward,0.0,0.0,Neutral,Neutral,I'm traveling the world!! Witch country do you suggest me going to?!! Looking forward!! 😁 😁,0.0,Neutral
21,21,21,21,21,"{""username"":""environnementcan"",""profile_pic_url"":""https://instagram.fyvr3-1.fna.fbcdn.net/t51.2885-19/s150x150/25016584_1248753311891192_7797948622686912512_n.jpg"",""id"":""3913646610""}",1479582210,1.78445e+16,2016-11-19_11-03-05,,"['#ActionClimatJeunesse', '#ActionClimat', '#ActionClimatCAN', '#ActionPourLeClimat', '#SolutionClimat', '#Canada', '#JeunesCan', '#JeunesCanadiens', '#EnvironnementCAN']",[],,['nan'],[u'nan'],,0.0,0.0,Neutral,Neutral,#ActionClimatJeunesse #ActionClimat #ActionClimatCAN #ActionPourLeClimat #SolutionClimat #Canada #JeunesCan  #JeunesCanadiens #EnvironnementCAN,0.0,Neutral
22,22,22,22,22,"{""username"":""environnementcan"",""profile_pic_url"":""https://instagram.fyvr3-1.fna.fbcdn.net/t51.2885-19/s150x150/25016584_1248753311891192_7797948622686912512_n.jpg"",""id"":""3913646610""}",1479762352,1.78665e+16,2016-11-21_13-03-43,,"['#ChangementClimatique', '#Jeunes', '#Jeunesse', '#ActionClimat', '#Climat', '#Environnement', '#Canada', '#JeunesCanadiens']",[],,['nan'],[u'nan'],,0.0,0.0,Neutral,Neutral,#ChangementClimatique #Jeunes #Jeunesse #ActionClimat #Climat #Environnement #Canada #JeunesCanadiens,0.0,Neutral
23,23,23,23,23,"{""username"":""summerbelliveau"",""profile_pic_url"":""https://instagram.fyvr3-1.fna.fbcdn.net/t51.2885-19/s150x150/26152093_543101172717738_4020178170324975616_n.jpg"",""id"":""857715574""}",1479916218,1.78558e+16,2016-11-23_07-40-27,What makes Canada so special according to pollution why does our country make such a big impact on the other countries?,[],[],makes Canada special according pollution country make big impact countries,"['makes', 'Canada', 'special', 'according', 'pollution', 'country', 'make', 'big', 'impact', 'countries']","[u'make', u'canada', u'special', u'accord', u'pollut', u'countri', u'make', u'big', u'impact', u'countri']",makes Canada special according pollution country make big impact countries,0.17857142857142858,0.17857142857142858,Neutral,Neutral,What makes Canada so special according to pollution why does our country make such a big impact on the other countries?,0.05803571428571429,Neutral
24,24,24,24,24,"{""username"":""thegreatjoceline"",""profile_pic_url"":""https://instagram.fyvr3-1.fna.fbcdn.net/t51.2885-19/s150x150/14134621_1589686114668080_820281783_a.jpg"",""id"":""3684009738""}",1480737609,1.7845e+16,2016-11-30_06-26-45,Cutr,[],[],Cutr,['Cutr'],[u'cutr'],But,0.0,0.0,Neutral,Neutral,Cutr,0.0,Neutral
25,25,25,25,25,"{""username"":""environnementcan"",""profile_pic_url"":""https://instagram.fyvr3-1.fna.fbcdn.net/t51.2885-19/s150x150/25016584_1248753311891192_7797948622686912512_n.jpg"",""id"":""3913646610""}",1480516035,1.78671e+16,2016-11-30_06-26-45,,"['#Mercredi', '#Hibou', '#Hiboux', '#Oiseaux', '#Oiseau', '#Faune', '#Ornithologie']",[],,['nan'],[u'nan'],,0.0,0.0,Neutral,Neutral,#Mercredi #Hibou #Hiboux #Oiseaux #Oiseau #Faune #Ornithologie,0.0,Neutral
26,26,26,26,26,"{""username"":""myrvezy"",""profile_pic_url"":""https://instagram.fyvr3-1.fna.fbcdn.net/t51.2885-19/s150x150/13744275_1744066059212634_320013516_a.jpg"",""id"":""3483840575""}",1480718108,1.7845e+16,2016-12-02_08-26-00,This is awesome,[],[],awesome,['awesome'],[u'awesom'],awesome,1.0,1.0,Positive,Positive,This is awesome,1.0,Positive
27,27,27,27,27,"{""username"":""environnementcan"",""profile_pic_url"":""https://instagram.fyvr3-1.fna.fbcdn.net/t51.2885-19/s150x150/25016584_1248753311891192_7797948622686912512_n.jpg"",""id"":""3913646610""}",1480696073,1.78563e+16,2016-12-02_08-26-00,,"['#ScienceArctique', '#EnvironnementCan', '#EnvironnementCanada', '#Toundra', '#Arctique', '#Science', '#Biologie', '#Faune']",[],,['nan'],[u'nan'],,0.0,0.0,Neutral,Neutral,#ScienceArctique #EnvironnementCan #EnvironnementCanada #Toundra #Arctique #Science #Biologie #Faune,0.0,Neutral
28,28,28,28,28,"{""username"":""environnementcan"",""profile_pic_url"":""https://instagram.fyvr3-1.fna.fbcdn.net/t51.2885-19/s150x150/25016584_1248753311891192_7797948622686912512_n.jpg"",""id"":""3913646610""}",1480976443,1.78666e+16,2016-12-05_14-19-17,éanPacifique,"['#Cop13', '#EnvironnementCan', '#EnvironnementCanada', '#Oc', '#OiseauxMarins', '#Ornithologie', '#Canada150']",[],anPacifique,['anPacifique'],[u'anpacifiqu'],anPacifique,0.0,0.0,Neutral,Neutral,#Cop13 #EnvironnementCan #EnvironnementCanada #OcéanPacifique #OiseauxMarins #Ornithologie #Canada150,0.0,Neutral
29,29,29,29,29,"{""username"":""ihabmokayed"",""profile_pic_url"":""https://instagram.fyvr3-1.fna.fbcdn.net/t51.2885-19/s150x150/26181279_174151140007048_6370159604956921856_n.jpg"",""id"":""293328761""}",1481905339,1.7857e+16,2016-12-15_09-42-20,"ah thank you, why not follow both, depuis je parle les deux langues!",[],[],ah thank follow depuis je parle les deux langues,"['ah', 'thank', 'follow', 'depuis', 'je', 'parle', 'les', 'deux', 'langues']","['ah', u'thank', u'follow', u'depui', 'je', u'parl', u'les', u'deux', u'langu']",ah thank follow depuis je pale les deux ranges,0.0,-0.21,Neutral,Neutral,"@environnementcan ah thank you, why not follow both, depuis je parle les deux langues! 👊🏽",0.0,Neutral
30,30,30,30,30,"{""username"":""environnementcan"",""profile_pic_url"":""https://instagram.fyvr3-1.fna.fbcdn.net/t51.2885-19/s150x150/25016584_1248753311891192_7797948622686912512_n.jpg"",""id"":""3913646610""}",1481905011,1.78688e+16,2016-12-15_09-42-20,yes it is! FYI if you prefer you can follow our English account,[],[],yes FYI prefer follow English account,"['yes', 'FYI', 'prefer', 'follow', 'English', 'account']","[u'yes', u'fyi', u'prefer', u'follow', u'english', u'account']",yes FYI prefer follow English account,0.0,0.0,Neutral,Neutral,@ihabmokayed yes it is! FYI if you prefer you can follow our English account @canenvironment 🙃,0.0,Neutral
31,31,31,31,31,"{""username"":""ihabmokayed"",""profile_pic_url"":""https://instagram.fyvr3-1.fna.fbcdn.net/t51.2885-19/s150x150/26181279_174151140007048_6370159604956921856_n.jpg"",""id"":""293328761""}",1481833315,1.78723e+16,2016-12-15_09-42-20,That's quite cool!,[],[],quite cool,"['quite', 'cool']","[u'quit', u'cool']",quite cool,0.35,0.35,Positive,Positive,That's quite cool!,0.4375,Positive
32,32,32,32,32,"{""username"":""arcticrangeadvt"",""profile_pic_url"":""https://instagram.fyvr3-1.fna.fbcdn.net/t51.2885-19/s150x150/11850420_141054042908966_1422400190_a.jpg"",""id"":""2203840401""}",1482675352,1.78592e+16,2016-12-22_07-24-10,Wow! We like this pic!!,[],[],Wow like pic,"['Wow', 'like', 'pic']","[u'wow', u'like', u'pic']",Now like pick,0.1,0.0,Neutral,Neutral,Wow! We like this pic!!,0.1953125,Neutral
33,33,33,33,33,"{""username"":""scienceborealis"",""profile_pic_url"":""https://instagram.fyvr3-1.fna.fbcdn.net/t51.2885-19/14449287_314447988931019_8130849381726289920_a.jpg"",""id"":""4007154200""}",1483042573,1.78462e+16,2016-12-29_05-44-19,Posting some great photos of your northern research.,[],[],Posting great photos northern research,"['Posting', 'great', 'photos', 'northern', 'research']","[u'post', u'great', u'photo', u'northern', u'research']",Costing great photo northern research,0.8,0.8,Positive,Positive,Posting some great photos of your northern research.,0.8,Positive
34,34,34,34,34,"{""username"":""fvennessacecce"",""profile_pic_url"":""https://instagram.fyvr3-1.fna.fbcdn.net/t51.2885-19/s150x150/20902565_1915169038734867_682059609971621888_a.jpg"",""id"":""1556658735""}",1483716073,1.78689e+16,2017-01-06_06-48-35,Bien hâte de le voir revenir,[],[],Bien te de le voir revenir,"['Bien', 'te', 'de', 'le', 'voir', 'revenir']","[u'bien', 'te', 'de', 'le', u'voir', u'revenir']",Mien te de le voir revenue,0.0,0.0,Neutral,Neutral,Bien hâte de le voir revenir,0.0,Neutral
35,35,35,35,35,"{""username"":""environnementcan"",""profile_pic_url"":""https://instagram.fyvr3-1.fna.fbcdn.net/t51.2885-19/s150x150/25016584_1248753311891192_7797948622686912512_n.jpg"",""id"":""3913646610""}",1483714208,1.78484e+16,2017-01-06_06-48-35,,"['#EnvironnementCan', '#EnvironnementCanada']",[],,['nan'],[u'nan'],,0.0,0.0,Neutral,Neutral,#EnvironnementCan #EnvironnementCanada,0.0,Neutral
36,36,36,36,36,"{""username"":""environnementcan"",""profile_pic_url"":""https://instagram.fyvr3-1.fna.fbcdn.net/t51.2885-19/s150x150/25016584_1248753311891192_7797948622686912512_n.jpg"",""id"":""3913646610""}",1484320616,1.7847e+16,2017-01-12_12-28-09,beaucoup de chemin en effet!!,[],[],beaucoup chemin effet,"['beaucoup', 'chemin', 'effet']","[u'beaucoup', u'chemin', u'effet']",beaucoup chin effect,0.0,0.0,Neutral,Neutral,@thegreatjoceline beaucoup de chemin en effet!!,0.0,Neutral
37,37,37,37,37,"{""username"":""thegreatjoceline"",""profile_pic_url"":""https://instagram.fyvr3-1.fna.fbcdn.net/t51.2885-19/s150x150/14134621_1589686114668080_820281783_a.jpg"",""id"":""3684009738""}",1484270165,1.78692e+16,2017-01-12_12-28-09,On en a fait du chemin?,[],[],fait chemin,"['fait', 'chemin']","[u'fait', u'chemin']",fait chin,0.0,0.0,Neutral,Neutral,On en a fait du chemin?,0.0,Neutral
38,38,38,38,38,"{""username"":""dannyslapbass"",""profile_pic_url"":""https://instagram.fyvr3-1.fna.fbcdn.net/t51.2885-19/s150x150/19051051_460898334262363_7030596292271144960_a.jpg"",""id"":""1788974774""}",1484755482,1.78472e+16,2017-01-18_06-46-45,bien sur!!,[],[],bien,['bien'],[u'bien'],bien,0.0,0.0,Neutral,Neutral,@environnementcan bien sur!!,0.0,Neutral
39,39,39,39,39,"{""username"":""environnementcan"",""profile_pic_url"":""https://instagram.fyvr3-1.fna.fbcdn.net/t51.2885-19/s150x150/25016584_1248753311891192_7797948622686912512_n.jpg"",""id"":""3913646610""}",1484754531,1.78614e+16,2017-01-18_06-46-45,Il est tellement mignon,[],[],tellement mignon,"['tellement', 'mignon']","[u'tellement', u'mignon']",element minor,0.0,-0.05,Neutral,Neutral,Il est tellement mignon 🐻😍,0.0,Neutral
40,40,40,40,40,"{""username"":""dannyslapbass"",""profile_pic_url"":""https://instagram.fyvr3-1.fna.fbcdn.net/t51.2885-19/s150x150/19051051_460898334262363_7030596292271144960_a.jpg"",""id"":""1788974774""}",1484752375,1.78577e+16,2017-01-18_06-46-45,Nice!!!,[],[],Nice,['Nice'],[u'nice'],Vice,0.6,0.0,Positive,Neutral,Nice!!!,1.0,Positive
41,41,41,41,41,"{""username"":""jericka88"",""profile_pic_url"":""https://instagram.fyvr3-1.fna.fbcdn.net/t51.2885-19/s150x150/26222394_2072301653006353_4941605056551059456_n.jpg"",""id"":""32927813""}",1485484023,1.78478e+16,2017-01-26_10-32-16,Wow! Quelle magnifique et étrange espèce.,[],[],Wow Quelle magnifique et trange ce,"['Wow', 'Quelle', 'magnifique', 'et', 'trange', 'ce']","[u'wow', u'quell', u'magnifiqu', 'et', u'trang', 'ce']",Now Quelle magnifique et strange ce,0.1,-0.05,Neutral,Neutral,Wow! Quelle magnifique et étrange espèce. 😨😍,0.125,Neutral
42,42,42,42,42,"{""username"":""dannyslapbass"",""profile_pic_url"":""https://instagram.fyvr3-1.fna.fbcdn.net/t51.2885-19/s150x150/19051051_460898334262363_7030596292271144960_a.jpg"",""id"":""1788974774""}",1485802396,1.78507e+16,2017-01-30_08-01-35,,[],[],,['nan'],[u'nan'],,0.0,0.0,Neutral,Neutral,😍😍,0.0,Neutral
43,43,43,43,43,"{""username"":""lysianecf"",""profile_pic_url"":""https://instagram.fyvr3-1.fna.fbcdn.net/t51.2885-19/s150x150/14701060_548137552050987_6368943454902288384_a.jpg"",""id"":""1396603340""}",1486822431,1.78719e+16,2017-02-11_05-20-35,,[],[],,['nan'],[u'nan'],,0.0,0.0,Neutral,Neutral,👏👏👏,0.0,Neutral
44,44,44,44,44,"{""username"":""darthbulshiter"",""profile_pic_url"":""https://instagram.fyvr3-1.fna.fbcdn.net/t51.2885-19/s150x150/20065512_468453020196230_3066610991555936256_a.jpg"",""id"":""375123003""}",1487459733,1.78495e+16,2017-02-17_07-57-53,,[],[],,['nan'],[u'nan'],,0.0,0.0,Neutral,Neutral,@juliensc91,0.0,Neutral
45,45,45,45,45,"{""username"":""environnementcan"",""profile_pic_url"":""https://instagram.fyvr3-1.fna.fbcdn.net/t51.2885-19/s150x150/25016584_1248753311891192_7797948622686912512_n.jpg"",""id"":""3913646610""}",1487801759,1.78731e+16,2017-02-20_07-04-12,La Colombie-Britannique protège % de ses terres!,[],[],La Colombie Britannique ge de ses terres,"['La', 'Colombie', 'Britannique', 'ge', 'de', 'ses', 'terres']","['la', u'colombi', u'britanniqu', 'ge', 'de', u'ses', u'terr']",A Colombia Britannique he de ses teres,0.0,0.0,Neutral,Neutral,La Colombie-Britannique protège 14% de ses terres! 🙌🏽,0.0,Neutral
46,46,46,46,46,"{""username"":""yeg_blog"",""profile_pic_url"":""https://instagram.fyvr3-1.fna.fbcdn.net/t51.2885-19/s150x150/21984625_1583211938384486_3389032485659607040_n.jpg"",""id"":""3128282779""}",1487611050,1.78737e+16,2017-02-20_07-04-12,,[],[],,['nan'],[u'nan'],,0.0,0.0,Neutral,Neutral,👍,0.0,Neutral
47,47,47,47,47,"{""username"":""jehanne1412"",""profile_pic_url"":""https://instagram.fyvr3-1.fna.fbcdn.net/t51.2885-19/11311511_1405953476088274_1202061123_a.jpg"",""id"":""438491508""}",1509209366,1.78801e+16,2017-02-21_06-30-04,"Magnifique Oui le tintamarre ce sont des bruits, souvent accompagné d'agitation comme dans une fête foraine, un bal, des enfants qui jouent ...",[],[],Magnifique Oui le tintamarre ce sont des bruits souvent agitation comme dans une foraine un bal des enfants qui jouent,"['Magnifique', 'Oui', 'le', 'tintamarre', 'ce', 'sont', 'des', 'bruits', 'souvent', 'agitation', 'comme', 'dans', 'une', 'foraine', 'un', 'bal', 'des', 'enfants', 'qui', 'jouent']","[u'magnifiqu', u'oui', 'le', u'tintamarr', 'ce', u'sont', u'des', u'bruit', u'souvent', u'agit', u'comm', u'dan', u'une', u'forain', 'un', u'bal', u'des', u'enfant', u'qui', u'jouent']",Magnifique Qui le tintamarre ce sont des fruits solvent agitation comme dans une forgive un bal des enfants qui count,0.0,0.0,Neutral,Neutral,"Magnifique ❤ Oui le tintamarre ce sont des bruits, souvent accompagné d'agitation comme dans une fête foraine, un bal, des enfants qui jouent ...🎉🎉",0.0,Neutral
48,48,48,48,48,"{""username"":""sunny.zhai"",""profile_pic_url"":""https://instagram.fyvr3-1.fna.fbcdn.net/t51.2885-19/s150x150/22638789_295382287643841_7987765423888138240_n.jpg"",""id"":""3310076966""}",1488080089,1.78624e+16,2017-02-21_09-46-34,Aww nice,[],[],Aww nice,"['Aww', 'nice']","[u'aww', u'nice']",Www nice,0.45,0.6,Positive,Positive,Aww nice,0.44999999999999996,Positive
49,49,49,49,49,"{""username"":""sherrylavgine1997"",""profile_pic_url"":""https://instagram.fyvr3-1.fna.fbcdn.net/t51.2885-19/s150x150/13385651_1027990353937141_1287862251_a.jpg"",""id"":""1129099641""}",1487703919,1.7867e+16,2017-02-21_09-46-34,Super nice,[],[],Super nice,"['Super', 'nice']","[u'super', u'nice']",Super nice,0.4666666666666667,0.4666666666666667,Positive,Positive,Super nice :),0.4777777777777778,Positive
50,50,50,50,50,"{""username"":""clodie26"",""profile_pic_url"":""https://instagram.fyvr3-1.fna.fbcdn.net/t51.2885-19/s150x150/23164175_1541297632625324_4640385745813504000_n.jpg"",""id"":""17586324""}",1488293464,1.78511e+16,2017-02-28_06-26-11,one day..,[],[],one day,"['one', 'day']","[u'one', u'day']",one day,0.0,0.0,Neutral,Neutral,@proulxkath one day.. 😊,0.0,Neutral
51,51,51,51,51,"{""username"":""proulxkath"",""profile_pic_url"":""https://instagram.fyvr3-1.fna.fbcdn.net/t51.2885-19/s150x150/21480381_1948321642051301_6645164509788897280_a.jpg"",""id"":""292123065""}",1488293292,1.78506e+16,2017-02-28_06-26-11,,[],[],,['nan'],[u'nan'],,0.0,0.0,Neutral,Neutral,@clodie26 😍😍😍,0.0,Neutral
52,52,52,52,52,"{""username"":""thegreatjoceline"",""profile_pic_url"":""https://instagram.fyvr3-1.fna.fbcdn.net/t51.2885-19/s150x150/14134621_1589686114668080_820281783_a.jpg"",""id"":""3684009738""}",1489750604,1.78619e+16,2017-03-13_08-47-21,Magnifique,['#environnementcanada'],[],Magnifique,['Magnifique'],[u'magnifiqu'],Magnifique,0.0,0.0,Neutral,Neutral,Magnifique #environnementcanada,0.0,Neutral
53,53,53,53,53,"{""username"":""teamvane"",""profile_pic_url"":""https://instagram.fyvr3-1.fna.fbcdn.net/t51.2885-19/s150x150/26158459_2016385815243098_4452752046424064000_n.jpg"",""id"":""3138992113""}",1493069557,1.78784e+16,2017-04-12_13-41-01,,[],[],,['nan'],[u'nan'],,0.0,0.0,Neutral,Neutral,😄,0.0,Neutral
54,54,54,54,54,"{""username"":""carobf15"",""profile_pic_url"":""https://instagram.fyvr3-1.fna.fbcdn.net/t51.2885-19/s150x150/19985087_153541468540042_6158758458494550016_a.jpg"",""id"":""455344015""}",1492044568,1.78559e+16,2017-04-12_13-41-01,Hubert,[],[],Hubert,['Hubert'],[u'hubert'],Aubert,0.0,0.0,Neutral,Neutral,Hubert,0.0,Neutral
55,55,55,55,55,"{""username"":""valquirit_"",""profile_pic_url"":""https://instagram.fyvr3-1.fna.fbcdn.net/t51.2885-19/s150x150/26071433_165800677482499_563742082829647872_n.jpg"",""id"":""28590017""}",1492035712,1.78643e+16,2017-04-12_13-41-01,Loona!!!,[],[],Loona,['Loona'],[u'loona'],Soon,0.0,0.0,Neutral,Neutral,Loona!!!,0.0,Neutral
56,56,56,56,56,"{""username"":""environnementcan"",""profile_pic_url"":""https://instagram.fyvr3-1.fna.fbcdn.net/t51.2885-19/s150x150/25016584_1248753311891192_7797948622686912512_n.jpg"",""id"":""3913646610""}",1492029826,1.78769e+16,2017-04-12_13-41-01,.canada .polaire,[],[],canada polaire,"['canada', 'polaire']","[u'canada', u'polair']",canada police,0.0,0.0,Neutral,Neutral,@parcs.canada @savoir.polaire @ressourcesnaturellescanada,0.0,Neutral
57,57,57,57,57,"{""username"":""environnementcan"",""profile_pic_url"":""https://instagram.fyvr3-1.fna.fbcdn.net/t51.2885-19/s150x150/25016584_1248753311891192_7797948622686912512_n.jpg"",""id"":""3913646610""}",1492528487,1.78538e+16,2017-04-13_09-38-52,merci! On est très fiers d'eux!,[],[],merci est fiers eux,"['merci', 'est', 'fiers', 'eux']","[u'merci', u'est', u'fier', u'eux']",merci est fires ex,0.0,0.0,Neutral,Neutral,@jpcoho merci! On est très fiers d'eux! 😊,0.0,Neutral
58,58,58,58,58,"{""username"":""jpcoho"",""profile_pic_url"":""https://instagram.fyvr3-1.fna.fbcdn.net/t51.2885-19/s150x150/12912754_976486379100667_307663178_a.jpg"",""id"":""2029664407""}",1492139740,1.78828e+16,2017-04-13_09-38-52,Awesome stuff!! Fantastique votre travail,[],[],Awesome stuff Fantastique travail,"['Awesome', 'stuff', 'Fantastique', 'travail']","[u'awesom', u'stuff', u'fantastiqu', u'travail']",Awesome stuff Fantastique travail,1.0,1.0,Positive,Positive,Awesome stuff!! Fantastique votre travail,1.0,Positive
59,59,59,59,59,"{""username"":""environnementcan"",""profile_pic_url"":""https://instagram.fyvr3-1.fna.fbcdn.net/t51.2885-19/s150x150/25016584_1248753311891192_7797948622686912512_n.jpg"",""id"":""3913646610""}",1492101718,1.78655e+16,2017-04-13_09-38-52,,"['#EnvironnementCanada', '#ScienceArctique', '#Scientifiques', '#Glace', '#GlacedeMer', '#Arctique', '#TravailDeTerrain', '#Nunavut']",[],,['nan'],[u'nan'],,0.0,0.0,Neutral,Neutral,#EnvironnementCanada #ScienceArctique #Scientifiques #Glace #GlacedeMer #Arctique #TravailDeTerrain #Nunavut,0.0,Neutral
60,60,60,60,60,"{""username"":""environnementcan"",""profile_pic_url"":""https://instagram.fyvr3-1.fna.fbcdn.net/t51.2885-19/s150x150/25016584_1248753311891192_7797948622686912512_n.jpg"",""id"":""3913646610""}",1493398309,1.78559e+16,2017-04-26_13-15-46,laisse-nous demander à nos eerts s'il y a une de nos pages web à laquelle on peut te référer (un rapport ou autre) on te revient rapidement!,[],[],laisse nous demander nos eerts il une de nos pages web laquelle peut te rer un rapport ou autre te revient rapidement,"['laisse', 'nous', 'demander', 'nos', 'eerts', 'il', 'une', 'de', 'nos', 'pages', 'web', 'laquelle', 'peut', 'te', 'rer', 'un', 'rapport', 'ou', 'autre', 'te', 'revient', 'rapidement']","[u'laiss', u'nous', u'demand', u'nos', u'eert', 'il', u'une', 'de', u'nos', u'page', u'web', u'laquell', u'peut', 'te', u'rer', 'un', u'rapport', 'ou', u'autr', 'te', u'revient', u'rapid']",laissez nous demanded nos exerts il une de nos pages web quelle put te her un support ou autre te regiment rapidement,0.0,0.0,Neutral,Neutral,@julianmoratomarin laisse-nous demander à nos experts s'il y a une de nos pages web à laquelle on peut te référer (un rapport ou autre) on te revient rapidement!,0.0,Neutral
61,61,61,61,61,"{""username"":""onetreejill"",""profile_pic_url"":""https://instagram.fyvr3-1.fna.fbcdn.net/t51.2885-19/s150x150/21689502_1721917461445939_3340338581704015872_n.jpg"",""id"":""2353648790""}",1493264085,1.78846e+16,2017-04-26_13-15-46,,['#FORPHOQUESSAKE'],[],,['nan'],[u'nan'],,0.0,0.0,Neutral,Neutral,#FORPHOQUESSAKE,0.0,Neutral
62,62,62,62,62,"{""username"":""onetreejill"",""profile_pic_url"":""https://instagram.fyvr3-1.fna.fbcdn.net/t51.2885-19/s150x150/21689502_1721917461445939_3340338581704015872_n.jpg"",""id"":""2353648790""}",1493264081,1.78796e+16,2017-04-26_13-15-46,"Si vous avez un coeur, vous épargneriez les phoques, mais ce n'est pas mon affaire 🤷",[],[],Si vous avez un coeur vous pargneriez les phoques mais ce est pas mon affaire,"['Si', 'vous', 'avez', 'un', 'coeur', 'vous', 'pargneriez', 'les', 'phoques', 'mais', 'ce', 'est', 'pas', 'mon', 'affaire']","['si', u'vous', u'avez', 'un', u'coeur', u'vous', u'pargneriez', u'les', u'phoqu', u'mai', 'ce', u'est', u'pas', u'mon', u'affair']",I vous avez un coeur vous pargneriez les phoques mais ce est pas mon affaire,0.0,0.0,Neutral,Neutral,"Si vous avez un coeur, vous épargneriez les phoques, mais ce n'est pas mon affaire 🤷🏻",0.0,Neutral
63,63,63,63,63,"{""username"":""julianmoratomarin"",""profile_pic_url"":""https://instagram.fyvr3-1.fna.fbcdn.net/t51.2885-19/s150x150/17493932_208827186269836_758088755973193728_a.jpg"",""id"":""3256077527""}",1493252586,1.78554e+16,2017-04-26_13-15-46,"Bonjour génial quel belle eérience. Cela sera ""chouette""de savoir la suite. Des observations et l'impact du réchauffement climatique dans cet secteur.",[],[],Bonjour nial quel belle rience Cela sera chouette de savoir la suite Des observations et impact du chauffement climatique dans cet secteur,"['Bonjour', 'nial', 'quel', 'belle', 'rience', 'Cela', 'sera', 'chouette', 'de', 'savoir', 'la', 'suite', 'Des', 'observations', 'et', 'impact', 'du', 'chauffement', 'climatique', 'dans', 'cet', 'secteur']","[u'bonjour', u'nial', u'quel', u'bell', u'rienc', u'cela', u'sera', u'chouett', 'de', u'savoir', 'la', u'suit', u'des', u'observ', 'et', u'impact', 'du', u'chauffement', u'climatiqu', u'dan', u'cet', u'secteur']",Bonjour nail duel belle prince Cela sera coquette de savior la suite Yes observations et impact du chauffement climatique dans cet setter,0.0,0.0,Neutral,Neutral,"Bonjour génial quel belle expérience. Cela sera ""chouette""de savoir la suite. Des observations et l'impact du réchauffement climatique dans cet secteur.",0.0,Neutral
64,64,64,64,64,"{""username"":""lamaisonprivee"",""profile_pic_url"":""https://instagram.fyvr3-1.fna.fbcdn.net/t51.2885-19/s150x150/16465293_267357130365609_4320736554315153408_a.jpg"",""id"":""825433215""}",1493825454,1.78579e+16,2017-04-28_10-25-57,nice,[],[],nice,['nice'],[u'nice'],nice,0.6,0.6,Positive,Positive,nice,0.6,Positive
65,65,65,65,65,"{""username"":""onetreejill"",""profile_pic_url"":""https://instagram.fyvr3-1.fna.fbcdn.net/t51.2885-19/s150x150/21689502_1721917461445939_3340338581704015872_n.jpg"",""id"":""2353648790""}",1493426579,1.78796e+16,2017-04-28_10-25-57,,['#FORPHOQUESSAKE'],[],,['nan'],[u'nan'],,0.0,0.0,Neutral,Neutral,#FORPHOQUESSAKE,0.0,Neutral
66,66,66,66,66,"{""username"":""environnementcan"",""profile_pic_url"":""https://instagram.fyvr3-1.fna.fbcdn.net/t51.2885-19/s150x150/25016584_1248753311891192_7797948622686912512_n.jpg"",""id"":""3913646610""}",1495736897,1.78571e+16,2017-05-15_08-44-16,oh que oui!,[],[],oh oui,"['oh', 'oui']","['oh', u'oui']",oh oui,0.0,0.0,Neutral,Neutral,@deuxevades oh que oui!,0.0,Neutral
67,67,67,67,67,"{""username"":""deuxevades"",""profile_pic_url"":""https://instagram.fyvr3-1.fna.fbcdn.net/t51.2885-19/s150x150/20905175_155481628363098_5172971590417121280_a.jpg"",""id"":""4240552929""}",1495511872,1.78566e+16,2017-05-15_08-44-16,Un super musée!,[],[],Un super,"['Un', 'super']","['un', u'super']",In super,0.3333333333333333,0.3333333333333333,Positive,Positive,Un super musée!,0.41666666666666663,Positive
68,68,68,68,68,"{""username"":""lovecanada0999"",""profile_pic_url"":""https://instagram.fyvr3-1.fna.fbcdn.net/t51.2885-19/s150x150/17932476_1804093519918183_4783257768490434560_n.jpg"",""id"":""4162484060""}",1496431130,1.78828e+16,2017-05-31_13-26-12,Like it!,[],[],Like,['Like'],[u'like'],Like,0.0,0.0,Neutral,Neutral,Like it!,0.0,Neutral
69,69,69,69,69,"{""username"":""environnementcan"",""profile_pic_url"":""https://instagram.fyvr3-1.fna.fbcdn.net/t51.2885-19/s150x150/25016584_1248753311891192_7797948622686912512_n.jpg"",""id"":""3913646610""}",1498596666,1.78741e+16,2017-06-22_08-05-11,Hello you can follow our English account for EN updates,[],[],Hello follow English account EN updates,"['Hello', 'follow', 'English', 'account', 'EN', 'updates']","[u'hello', u'follow', u'english', u'account', 'en', u'updat']",Hello follow English account of updated,0.0,0.0,Neutral,Neutral,Hello @eduardodomngo you can follow our English account @canenvironment for EN updates 😊,0.0,Neutral
70,70,70,70,70,"{""username"":""eduardodomngo"",""profile_pic_url"":""https://instagram.fyvr3-1.fna.fbcdn.net/t51.2885-19/s150x150/19050210_1097645040336358_4756126520211144704_a.jpg"",""id"":""5580357196""}",1498328755,1.78785e+16,2017-06-22_08-05-11,I'm looking forward to hear for more good news from ECCC.,[],[],looking forward hear good news ECCC,"['looking', 'forward', 'hear', 'good', 'news', 'ECCC']","[u'look', u'forward', u'hear', u'good', u'news', u'eccc']",looking forward hear good news ECCC,0.7,0.7,Positive,Positive,I'm looking forward to hear for more good news from ECCC.,0.6,Positive
71,71,71,71,71,"{""username"":""eduardodomngo"",""profile_pic_url"":""https://instagram.fyvr3-1.fna.fbcdn.net/t51.2885-19/s150x150/19050210_1097645040336358_4756126520211144704_a.jpg"",""id"":""5580357196""}",1498328581,1.7863e+16,2017-06-22_08-05-11,Good Day!! I like to know more about the achievements of ECCC.Could you please put an option to translate it on English language.Kind regards and God Bless!!,[],[],Good Day like know achievements ECCC Could please put option translate English language Kind regards God Bless,"['Good', 'Day', 'like', 'know', 'achievements', 'ECCC', 'Could', 'please', 'put', 'option', 'translate', 'English', 'language', 'Kind', 'regards', 'God', 'Bless']","[u'good', u'day', u'like', u'know', u'achiev', u'eccc', u'could', u'pleas', u'put', u'option', u'translat', u'english', u'languag', u'kind', u'regard', u'god', u'bless']",Good May like know achievements ECCC Would please put option translate English language Mind regards God Less,0.4333333333333333,0.17777777777777778,Positive,Neutral,Good Day!! I like to know more about the achievements of ECCC.Could you please put an option to translate it on English language.Kind regards and God Bless!!,0.5,Positive
72,72,72,72,72,"{""username"":""divestravels"",""profile_pic_url"":""https://instagram.fyvr3-1.fna.fbcdn.net/t51.2885-19/s150x150/25022681_942341975928347_1296881824751943680_n.jpg"",""id"":""246243251""}",1499479823,1.78756e+16,2017-06-29_10-02-26,Like it!,[],[],Like,['Like'],[u'like'],Like,0.0,0.0,Neutral,Neutral,Like it!,0.0,Neutral
73,73,73,73,73,"{""username"":""jelleu"",""profile_pic_url"":""https://instagram.fyvr3-1.fna.fbcdn.net/t51.2885-19/s150x150/14135097_681016765400060_826889632_a.jpg"",""id"":""13605726""}",1500409895,1.78776e+16,2017-07-18_13-30-12,"Great picture! Good job, LIKE! Have you seen my insect picture from today?",[],[],Great picture Good job LIKE seen insect picture today,"['Great', 'picture', 'Good', 'job', 'LIKE', 'seen', 'insect', 'picture', 'today']","[u'great', u'pictur', u'good', u'job', u'like', u'seen', u'insect', u'pictur', u'today']",Great picture Good job LIKE seen insect picture today,0.75,0.75,Positive,Positive,"Great picture! Good job, LIKE! Have you seen my insect picture from today?",0.9375,Positive
74,74,74,74,74,"{""username"":""industriediscount"",""profile_pic_url"":""https://instagram.fyvr3-1.fna.fbcdn.net/t51.2885-19/s150x150/23279876_156297778308882_4727621118620336128_n.jpg"",""id"":""426258257""}",1505269643,1.78851e+16,2017-09-11_11-18-37,ECCC classe,[],[],ECCC classe,"['ECCC', 'classe']","[u'eccc', u'class']",ECCC class,0.0,0.0,Neutral,Neutral,ECCC classe 😍🏄🐶😘,0.0,Neutral
75,75,75,75,75,"{""username"":""aaronrphotography"",""profile_pic_url"":""https://instagram.fyvr3-1.fna.fbcdn.net/t51.2885-19/s150x150/13636119_297879243894402_842509726_a.jpg"",""id"":""3032374484""}",1507428165,1.79026e+16,2017-09-19_13-29-02,keep it up! !!,[],[],keep,['keep'],[u'keep'],keep,0.0,0.0,Neutral,Neutral,keep it up! ✌ !!,0.0,Neutral
76,76,76,76,76,"{""username"":""easterncities"",""profile_pic_url"":""https://instagram.fyvr3-1.fna.fbcdn.net/t51.2885-19/s150x150/25013387_2287900527921379_5110734722569338880_n.jpg"",""id"":""8519101""}",1513198641,1.78957e+16,2017-12-13_12-22-25,,"['#sundog', '#fauxsoleil']",[],,['nan'],[u'nan'],,0.0,0.0,Neutral,Neutral,#sundog #fauxsoleil,0.0,Neutral
77,77,77,77,77,"{""username"":""xplainable"",""profile_pic_url"":""https://instagram.fyvr3-1.fna.fbcdn.net/t51.2885-19/s150x150/21911022_1954240818184478_8652217802544906240_n.jpg"",""id"":""6098255952""}",1513336414,1.7913e+16,2017-12-14_11-04-58,cool page!,[],[],cool page,"['cool', 'page']","[u'cool', u'page']",cool page,0.35,0.35,Positive,Positive,cool page!,0.4375,Positive
78,78,78,78,78,"{""username"":""xplainable"",""profile_pic_url"":""https://instagram.fyvr3-1.fna.fbcdn.net/t51.2885-19/s150x150/21911022_1954240818184478_8652217802544906240_n.jpg"",""id"":""6098255952""}",1513307667,1.79002e+16,2017-12-14_11-04-58,I like what I see!,[],[],like see,"['like', 'see']","[u'like', u'see']",like see,0.0,0.0,Neutral,Neutral,I like what I see!,0.0,Neutral
79,79,79,79,79,"{""username"":""_tranquilo_tranquilo_"",""profile_pic_url"":""https://instagram.fyvr3-1.fna.fbcdn.net/t51.2885-19/s150x150/21980789_1201783186589931_8412765614787002368_n.jpg"",""id"":""4260731255""}",1514039000,1.79152e+16,2017-12-22_07-12-45,Hola J’aime bien ta page,[],[],Hola aime bien ta page,"['Hola', 'aime', 'bien', 'ta', 'page']","[u'hola', u'aim', u'bien', 'ta', u'page']",Old aime bien ta page,0.0,0.1,Neutral,Neutral,Hola 😉 J’aime bien ta page,0.0,Neutral
80,80,80,80,80,"{""username"":""xplainable"",""profile_pic_url"":""https://instagram.fyvr3-1.fna.fbcdn.net/t51.2885-19/s150x150/21911022_1954240818184478_8652217802544906240_n.jpg"",""id"":""6098255952""}",1514626666,1.78428e+16,2017-12-29_07-32-01,love it !,[],[],love,['love'],[u'love'],love,0.5,0.5,Positive,Positive,love it :)!,0.5625,Positive
81,81,81,81,81,"{""username"":""thewildfolks"",""profile_pic_url"":""https://instagram.fyvr3-1.fna.fbcdn.net/t51.2885-19/s150x150/16907059_1217165085046789_8463737062590251008_a.jpg"",""id"":""4689724407""}",1516205590,1.78929e+16,2018-01-16_13-03-20,Italian lifestyle brand with a mission: save Wildlife and Marine life,[],[],Italian lifestyle brand mission save Wildlife Marine life,"['Italian', 'lifestyle', 'brand', 'mission', 'save', 'Wildlife', 'Marine', 'life']","[u'italian', u'lifestyl', u'brand', u'mission', u'save', u'wildlif', u'marin', u'life']",Italian lifestyle brand mission save Wildlife Marine life,0.0,0.0,Neutral,Neutral,Italian lifestyle brand with a mission: save Wildlife and Marine life,0.0,Neutral
82,82,82,82,82,"{""username"":""teri_11_11"",""profile_pic_url"":""https://instagram.fyvr3-1.fna.fbcdn.net/t51.2885-19/s150x150/18160304_215754122244815_2039886178840215552_a.jpg"",""id"":""5053876959""}",1516155861,1.79208e+16,2018-01-16_13-03-20,️,[],[],,[],[],,0.0,0.0,Neutral,Neutral,👏🏼👏🏼❤️👍🏻,0.0,Neutral
