token,tok_freq,tok_freq_perc,stemmer,stem_freq,stem_freq_perc
http,280,0.7777777777777778,http,280.0,0.7777777777777778
ly,277,0.7694444444444445,ly,277.0,0.7694444444444445
ow,274,0.7611111111111111,ow,274.0,0.7611111111111111
air,87,0.24166666666666667,travel,90.0,0.25
transportation,81,0.225,transport,83.0,0.23055555555555557
travel,78,0.21666666666666667,air,82.0,0.22777777777777777
flysmart,70,0.19444444444444445,flysmart,70.0,0.19444444444444445
tips,67,0.18611111111111112,tip,67.0,0.18611111111111112
traveltips,64,0.17777777777777778,traveltip,64.0,0.17777777777777778
uy2l3061cit,62,0.17222222222222222,10,62.0,0.17222222222222222
10,62,0.17222222222222222,top,62.0,0.17222222222222222
top,62,0.17222222222222222,uy2l3061cit,62.0,0.17222222222222222
find,61,0.16944444444444445,find,61.0,0.16944444444444445
check,59,0.1638888888888889,know,60.0,0.16666666666666666
know,55,0.1527777777777778,canadian,59.0,0.1638888888888889
canadian,52,0.14444444444444443,carrier,53.0,0.14722222222222223
canada,49,0.1361111111111111,check,52.0,0.14444444444444443
carrier,43,0.11944444444444445,canada,49.0,0.1361111111111111
flight,41,0.11388888888888889,inform,48.0,0.13333333333333333
help,40,0.1111111111111111,complaint,47.0,0.13055555555555556
agency,40,0.1111111111111111,help,42.0,0.11666666666666667
information,39,0.10833333333333334,agenc,41.0,0.11388888888888889
baggage,37,0.10277777777777777,airlin,40.0,0.1111111111111111
airline,37,0.10277777777777777,flight,37.0,0.10277777777777777
process,35,0.09722222222222222,baggag,37.0,0.10277777777777777
time,33,0.09166666666666666,disabl,37.0,0.10277777777777777
complaints,32,0.08888888888888889,process,35.0,0.09722222222222222
available,32,0.08888888888888889,includ,35.0,0.09722222222222222
rights,30,0.08333333333333333,servic,34.0,0.09444444444444444
coasting,27,0.075,time,34.0,0.09444444444444444
visit,27,0.075,delay,34.0,0.09444444444444444
trade,26,0.07222222222222222,avail,33.0,0.09166666666666666
responsibilities,26,0.07222222222222222,respons,33.0,0.09166666666666666
cta,26,0.07222222222222222,access,32.0,0.08888888888888889
related,25,0.06944444444444445,person,31.0,0.08611111111111111
carriers,25,0.06944444444444445,carri,30.0,0.08333333333333333
contact,24,0.06666666666666667,board,29.0,0.08055555555555556
guidelines,23,0.06388888888888888,need,28.0,0.07777777777777778
must,23,0.06388888888888888,requir,27.0,0.075
hours,23,0.06388888888888888,visit,27.0,0.075
limits,23,0.06388888888888888,trade,26.0,0.07222222222222222
disabilities,23,0.06388888888888888,coast,26.0,0.07222222222222222
accessibility,22,0.06111111111111111,right,26.0,0.07222222222222222
see,22,0.06111111111111111,cta,26.0,0.07222222222222222
advance,22,0.06111111111111111,websit,26.0,0.07222222222222222
railway,21,0.058333333333333334,relat,25.0,0.06944444444444445
lost,21,0.058333333333333334,contact,24.0,0.06666666666666667
carry,21,0.058333333333333334,railway,24.0,0.06666666666666667
also,20,0.05555555555555555,hour,23.0,0.06388888888888888
accessible,20,0.05555555555555555,must,23.0,0.06388888888888888
part,20,0.05555555555555555,applic,23.0,0.06388888888888888
complaint,19,0.05277777777777778,advanc,23.0,0.06388888888888888
persons,19,0.05277777777777778,provid,23.0,0.06388888888888888
nan,19,0.05277777777777778,guidelin,23.0,0.06388888888888888
passenger,19,0.05277777777777778,see,22.0,0.06111111111111111
may,18,0.05,make,21.0,0.058333333333333334
early,18,0.05,lost,21.0,0.058333333333333334
service,18,0.05,passeng,21.0,0.058333333333333334
read,18,0.05,offic,20.0,0.05555555555555555
services,18,0.05,tariff,20.0,0.05555555555555555
sure,17,0.04722222222222222,ship,20.0,0.05555555555555555
board,17,0.04722222222222222,cancel,20.0,0.05555555555555555
conditions,17,0.04722222222222222,disput,20.0,0.05555555555555555
tariff,17,0.04722222222222222,day,20.0,0.05555555555555555
us,17,0.04722222222222222,also,20.0,0.05555555555555555
include,17,0.04722222222222222,airport,19.0,0.05277777777777778
need,16,0.044444444444444446,nan,19.0,0.05277777777777778
set,16,0.044444444444444446,report,18.0,0.05
rules,16,0.044444444444444446,rule,18.0,0.05
day,16,0.044444444444444446,use,18.0,0.05
streiner,16,0.044444444444444446,way,18.0,0.05
return,16,0.044444444444444446,read,18.0,0.05
chair,16,0.044444444444444446,year,18.0,0.05
airport,16,0.044444444444444446,may,18.0,0.05
make,16,0.044444444444444446,ticket,18.0,0.05
website,16,0.044444444444444446,resolv,17.0,0.04722222222222222
scott,16,0.044444444444444446,sure,17.0,0.04722222222222222
medical,16,0.044444444444444446,regul,17.0,0.04722222222222222
licence,15,0.041666666666666664,condit,17.0,0.04722222222222222
2017,15,0.041666666666666664,plan,17.0,0.04722222222222222
including,15,0.041666666666666664,us,17.0,0.04722222222222222
resolve,15,0.041666666666666664,return,16.0,0.044444444444444446
business,15,0.041666666666666664,busi,16.0,0.044444444444444446
notice,15,0.041666666666666664,medic,16.0,0.044444444444444446
today,14,0.03888888888888889,set,16.0,0.044444444444444446
k3xp30af1t8,14,0.03888888888888889,streiner,16.0,0.044444444444444446
disability,14,0.03888888888888889,notic,16.0,0.044444444444444446
travellers,14,0.03888888888888889,limit,16.0,0.044444444444444446
facilitation,14,0.03888888888888889,scott,16.0,0.044444444444444446
ceo,14,0.03888888888888889,chair,16.0,0.044444444444444446
get,14,0.03888888888888889,step,16.0,0.044444444444444446
24,14,0.03888888888888889,video,15.0,0.041666666666666664
mediation,14,0.03888888888888889,2017,15.0,0.041666666666666664
dispute,14,0.03888888888888889,ensur,15.0,0.041666666666666664
delayed,14,0.03888888888888889,mediat,15.0,0.041666666666666664
enforcement,13,0.03611111111111111,licenc,15.0,0.041666666666666664
national,13,0.03611111111111111,k3xp30af1t8,14.0,0.03888888888888889
isz530dbqs1,13,0.03611111111111111,today,14.0,0.03888888888888889
delays,13,0.03611111111111111,offer,14.0,0.03888888888888889
required,13,0.03611111111111111,want,14.0,0.03888888888888889
least,13,0.03611111111111111,move,14.0,0.03888888888888889
ship,13,0.03611111111111111,facilit,14.0,0.03888888888888889
application,13,0.03611111111111111,ceo,14.0,0.03888888888888889
video,13,0.03611111111111111,damag,14.0,0.03888888888888889
heart,13,0.03611111111111111,24,14.0,0.03888888888888889
dyk,13,0.03611111111111111,activ,14.0,0.03888888888888889
years,13,0.03611111111111111,contract,14.0,0.03888888888888889
one,13,0.03611111111111111,get,14.0,0.03888888888888889
want,13,0.03611111111111111,heart,13.0,0.03611111111111111
contract,13,0.03611111111111111,one,13.0,0.03611111111111111
planning,12,0.03333333333333333,oper,13.0,0.03611111111111111
needs,12,0.03333333333333333,nation,13.0,0.03611111111111111
guide,12,0.03333333333333333,least,13.0,0.03611111111111111
transat,12,0.03333333333333333,isz530dbqs1,13.0,0.03611111111111111
commissioners,12,0.03333333333333333,dyk,13.0,0.03611111111111111
rail,12,0.03333333333333333,problem,13.0,0.03611111111111111
learn,12,0.03333333333333333,guid,13.0,0.03611111111111111
history,12,0.03333333333333333,part,13.0,0.03611111111111111
within,12,0.03333333333333333,protect,13.0,0.03611111111111111
ensure,12,0.03333333333333333,consult,13.0,0.03611111111111111
regulations,12,0.03333333333333333,trip,13.0,0.03611111111111111
trip,12,0.03333333333333333,issu,13.0,0.03611111111111111
ca,12,0.03333333333333333,file,13.0,0.03611111111111111
boarding,12,0.03333333333333333,enforc,12.0,0.03333333333333333
ticket,12,0.03333333333333333,ca,12.0,0.03333333333333333
understand,12,0.03333333333333333,within,12.0,0.03333333333333333
work,12,0.03333333333333333,work,12.0,0.03333333333333333
suitable,12,0.03333333333333333,commission,12.0,0.03333333333333333
well,11,0.030555555555555555,understand,12.0,0.03333333333333333
pleadings,11,0.030555555555555555,learn,12.0,0.03333333333333333
equipment,11,0.030555555555555555,fare,12.0,0.03333333333333333
report,11,0.030555555555555555,transat,12.0,0.03333333333333333
inquiry,11,0.030555555555555555,role,12.0,0.03333333333333333
activity,11,0.030555555555555555,charg,12.0,0.03333333333333333
72,11,0.030555555555555555,suitabl,12.0,0.03333333333333333
disputes,10,0.027777777777777776,inquiri,11.0,0.030555555555555555
able,10,0.027777777777777776,well,11.0,0.030555555555555555
foreign,10,0.027777777777777776,rail,11.0,0.030555555555555555
websites,10,0.027777777777777776,histori,11.0,0.030555555555555555
gc,10,0.027777777777777776,equip,11.0,0.030555555555555555
determine,10,0.027777777777777776,72,11.0,0.030555555555555555
tarmac,10,0.027777777777777776,plead,11.0,0.030555555555555555
ways,10,0.027777777777777776,like,11.0,0.030555555555555555
first,10,0.027777777777777776,hear,11.0,0.030555555555555555
documents,10,0.027777777777777776,determin,11.0,0.030555555555555555
www,10,0.027777777777777776,call,11.0,0.030555555555555555
federal,10,0.027777777777777776,request,11.0,0.030555555555555555
gate,10,0.027777777777777776,mandat,11.0,0.030555555555555555
adjudication,10,0.027777777777777776,feder,10.0,0.027777777777777776
west,10,0.027777777777777776,www,10.0,0.027777777777777776
ahead,10,0.027777777777777776,passport,10.0,0.027777777777777776
oral,10,0.027777777777777776,tool,10.0,0.027777777777777776
arbitration,10,0.027777777777777776,earli,10.0,0.027777777777777776
miss,10,0.027777777777777776,gate,10.0,0.027777777777777776
experience,10,0.027777777777777776,interest,10.0,0.027777777777777776
1904,10,0.027777777777777776,west,10.0,0.027777777777777776
passport,10,0.027777777777777776,foreign,10.0,0.027777777777777776
problem,10,0.027777777777777776,experi,10.0,0.027777777777777776
like,10,0.027777777777777776,tarmac,10.0,0.027777777777777776
officers,10,0.027777777777777776,abl,10.0,0.027777777777777776
hearing,10,0.027777777777777776,arbitr,10.0,0.027777777777777776
travelling,9,0.025,drop,10.0,0.027777777777777776
delay,9,0.025,adjud,10.0,0.027777777777777776
used,9,0.025,first,10.0,0.027777777777777776
cn,9,0.025,miss,10.0,0.027777777777777776
moving,9,0.025,arriv,10.0,0.027777777777777776
canadians,9,0.025,oral,10.0,0.027777777777777776
damaged,9,0.025,ahead,10.0,0.027777777777777776
line,9,0.025,1904,10.0,0.027777777777777776
steps,9,0.025,gc,10.0,0.027777777777777776
cancellations,9,0.025,train,9.0,0.025
parties,9,0.025,perform,9.0,0.025
watch,9,0.025,parti,9.0,0.025
consult,9,0.025,compani,9.0,0.025
provide,9,0.025,48,9.0,0.025
obligations,9,0.025,complet,9.0,0.025
otc,9,0.025,depend,9.0,0.025
48,9,0.025,113,9.0,0.025
checked,9,0.025,season,9.0,0.025
carriage,9,0.025,take,9.0,0.025
interested,9,0.025,began,9.0,0.025
began,9,0.025,carriag,9.0,0.025
training,9,0.025,oblig,9.0,0.025
113,9,0.025,line,9.0,0.025
traveller,9,0.025,watch,9.0,0.025
perform,9,0.025,otc,9.0,0.025
mandate,9,0.025,cn,9.0,0.025
changes,8,0.022222222222222223,smooth,9.0,0.025
terms,8,0.022222222222222223,stori,8.0,0.022222222222222223
responsibility,8,0.022222222222222223,screen,8.0,0.022222222222222223
vancouver,8,0.022222222222222223,allow,8.0,0.022222222222222223
story,8,0.022222222222222223,purchas,8.0,0.022222222222222223
economic,8,0.022222222222222223,regard,8.0,0.022222222222222223
offices,8,0.022222222222222223,point,8.0,0.022222222222222223
personal,8,0.022222222222222223,inspect,8.0,0.022222222222222223
covers,8,0.022222222222222223,go,8.0,0.022222222222222223
https,8,0.022222222222222223,suffici,8.0,0.022222222222222223
drop,8,0.022222222222222223,respect,8.0,0.022222222222222223
2016,8,0.022222222222222223,communic,8.0,0.022222222222222223
selling,8,0.022222222222222223,play,8.0,0.022222222222222223
go,8,0.022222222222222223,secur,8.0,0.022222222222222223
offered,8,0.022222222222222223,sell,8.0,0.022222222222222223
regarding,8,0.022222222222222223,receiv,8.0,0.022222222222222223
security,8,0.022222222222222223,https,8.0,0.022222222222222223
price,8,0.022222222222222223,econom,8.0,0.022222222222222223
take,8,0.022222222222222223,chang,8.0,0.022222222222222223
arrive,8,0.022222222222222223,cover,8.0,0.022222222222222223
way,8,0.022222222222222223,2016,8.0,0.022222222222222223
screening,8,0.022222222222222223,term,8.0,0.022222222222222223
role,8,0.022222222222222223,bump,8.0,0.022222222222222223
protection,8,0.022222222222222223,assist,8.0,0.022222222222222223
sufficient,8,0.022222222222222223,vancouv,8.0,0.022222222222222223
bumped,7,0.019444444444444445,establish,8.0,0.022222222222222223
pdi130dcwfz,7,0.019444444444444445,detail,7.0,0.019444444444444445
inspections,7,0.019444444444444445,propos,7.0,0.019444444444444445
international,7,0.019444444444444445,special,7.0,0.019444444444444445
clear,7,0.019444444444444445,defend,7.0,0.019444444444444445
print,7,0.019444444444444445,smart,7.0,0.019444444444444445
marine,7,0.019444444444444445,agent,7.0,0.019444444444444445
agent,7,0.019444444444444445,print,7.0,0.019444444444444445
satisfied,7,0.019444444444444445,info,7.0,0.019444444444444445
departure,7,0.019444444444444445,devic,7.0,0.019444444444444445
applications,7,0.019444444444444445,pay,7.0,0.019444444444444445
devices,7,0.019444444444444445,intern,7.0,0.019444444444444445
section,7,0.019444444444444445,monitor,7.0,0.019444444444444445
proposed,7,0.019444444444444445,februari,7.0,0.019444444444444445
season,7,0.019444444444444445,aris,7.0,0.019444444444444445
ottawa,7,0.019444444444444445,restrict,7.0,0.019444444444444445
complete,7,0.019444444444444445,departur,7.0,0.019444444444444445
require,7,0.019444444444444445,satisfi,7.0,0.019444444444444445
note,7,0.019444444444444445,pdi130dcwfz,7.0,0.019444444444444445
filing,7,0.019444444444444445,document,7.0,0.019444444444444445
charges,7,0.019444444444444445,action,7.0,0.019444444444444445
allowances,7,0.019444444444444445,vs,7.0,0.019444444444444445
railways,7,0.019444444444444445,resolut,7.0,0.019444444444444445
february,7,0.019444444444444445,accommod,7.0,0.019444444444444445
reporting,7,0.019444444444444445,appli,7.0,0.019444444444444445
vs,7,0.019444444444444445,section,7.0,0.019444444444444445
arises,7,0.019444444444444445,clear,7.0,0.019444444444444445
restrictions,7,0.019444444444444445,insur,7.0,0.019444444444444445
purchasing,7,0.019444444444444445,marin,7.0,0.019444444444444445
defend,7,0.019444444444444445,type,7.0,0.019444444444444445
established,7,0.019444444444444445,note,7.0,0.019444444444444445
smart,7,0.019444444444444445,ottawa,7.0,0.019444444444444445
step,7,0.019444444444444445,price,7.0,0.019444444444444445
info,7,0.019444444444444445,luggag,7.0,0.019444444444444445
fare,7,0.019444444444444445,made,7.0,0.019444444444444445
providers,7,0.019444444444444445,eng,6.0,0.016666666666666666
tools,7,0.019444444444444445,number,6.0,0.016666666666666666
issues,7,0.019444444444444445,valuabl,6.0,0.016666666666666666
sets,7,0.019444444444444445,leav,6.0,0.016666666666666666
luggage,7,0.019444444444444445,countri,6.0,0.016666666666666666
country,7,0.019444444444444445,diplomat,6.0,0.016666666666666666
details,7,0.019444444444444445,personnel,6.0,0.016666666666666666
smoothly,7,0.019444444444444445,destin,6.0,0.016666666666666666
resolution,7,0.019444444444444445,easili,6.0,0.016666666666666666
transport,7,0.019444444444444445,job,6.0,0.016666666666666666
shipping,7,0.019444444444444445,run,6.0,0.016666666666666666
made,7,0.019444444444444445,look,6.0,0.016666666666666666
special,7,0.019444444444444445,incarn,6.0,0.016666666666666666
knowing,7,0.019444444444444445,status,6.0,0.016666666666666666
year,6,0.016666666666666666,evolv,6.0,0.016666666666666666
valuable,6,0.016666666666666666,proper,6.0,0.016666666666666666
sports,6,0.016666666666666666,ago,6.0,0.016666666666666666
status,6,0.016666666666666666,i1ar30f4p7b,6.0,0.016666666666666666
leaving,6,0.016666666666666666,regulatori,6.0,0.016666666666666666
network,6,0.016666666666666666,axjh30d94vw,6.0,0.016666666666666666
cancelled,6,0.016666666666666666,music,6.0,0.016666666666666666
axjh30d94vw,6,0.016666666666666666,everi,6.0,0.016666666666666666
eng,6,0.016666666666666666,network,6.0,0.016666666666666666
instruments,6,0.016666666666666666,nois,6.0,0.016666666666666666
airlines,6,0.016666666666666666,instrument,6.0,0.016666666666666666
different,6,0.016666666666666666,idea,6.0,0.016666666666666666
i1ar30f4p7b,6,0.016666666666666666,repli,6.0,0.016666666666666666
noise,6,0.016666666666666666,piec,6.0,0.016666666666666666
monitor,6,0.016666666666666666,termin,6.0,0.016666666666666666
regulatory,6,0.016666666666666666,discuss,6.0,0.016666666666666666
accommodate,6,0.016666666666666666,import,6.0,0.016666666666666666
written,6,0.016666666666666666,vibrat,6.0,0.016666666666666666
suitability,6,0.016666666666666666,answer,6.0,0.016666666666666666
tickets,6,0.016666666666666666,children,6.0,0.016666666666666666
proper,6,0.016666666666666666,compli,6.0,0.016666666666666666
every,6,0.016666666666666666,dietari,6.0,0.016666666666666666
consumer,6,0.016666666666666666,essenti,6.0,0.016666666666666666
offer,6,0.016666666666666666,happi,6.0,0.016666666666666666
happy,6,0.016666666666666666,written,6.0,0.016666666666666666
snowy,6,0.016666666666666666,snowi,6.0,0.016666666666666666
diplomatic,6,0.016666666666666666,annual,6.0,0.016666666666666666
requirements,6,0.016666666666666666,alway,6.0,0.016666666666666666
carrying,6,0.016666666666666666,enter,6.0,0.016666666666666666
assistance,6,0.016666666666666666,sport,6.0,0.016666666666666666
ago,6,0.016666666666666666,address,6.0,0.016666666666666666
always,6,0.016666666666666666,traveltuesday,5.0,0.013888888888888888
evolved,6,0.016666666666666666,a11i,5.0,0.013888888888888888
protect,6,0.016666666666666666,organ,5.0,0.013888888888888888
depends,6,0.016666666666666666,mobil,5.0,0.013888888888888888
insurance,6,0.016666666666666666,media,5.0,0.013888888888888888
musical,6,0.016666666666666666,creation,5.0,0.013888888888888888
response,6,0.016666666666666666,sqn7304e9qb,5.0,0.013888888888888888
essential,6,0.016666666666666666,insid,5.0,0.013888888888888888
call,6,0.016666666666666666,peopl,5.0,0.013888888888888888
receive,6,0.016666666666666666,entri,5.0,0.013888888888888888
informal,6,0.016666666666666666,confirm,5.0,0.013888888888888888
children,6,0.016666666666666666,opportun,5.0,0.013888888888888888
requests,6,0.016666666666666666,pre,5.0,0.013888888888888888
dietary,6,0.016666666666666666,abil,5.0,0.013888888888888888
annual,6,0.016666666666666666,electron,5.0,0.013888888888888888
easily,6,0.016666666666666666,transpar,5.0,0.013888888888888888
incarnation,6,0.016666666666666666,higher,5.0,0.013888888888888888
reply,6,0.016666666666666666,idpd,5.0,0.013888888888888888
vibration,6,0.016666666666666666,week,5.0,0.013888888888888888
personnel,6,0.016666666666666666,money,5.0,0.013888888888888888
destination,6,0.016666666666666666,injuri,5.0,0.013888888888888888
hrdd30addqn,5,0.013888888888888888,council,5.0,0.013888888888888888
job,5,0.013888888888888888,interrupt,5.0,0.013888888888888888
week,5,0.013888888888888888,verifi,5.0,0.013888888888888888
enter,5,0.013888888888888888,identif,5.0,0.013888888888888888
cancellation,5,0.013888888888888888,death,5.0,0.013888888888888888
pre,5,0.013888888888888888,two,5.0,0.013888888888888888
loss,5,0.013888888888888888,coverag,5.0,0.013888888888888888
transparent,5,0.013888888888888888,theft,5.0,0.013888888888888888
issue,5,0.013888888888888888,dramat,5.0,0.013888888888888888
number,5,0.013888888888888888,z2c7309muaa,5.0,0.013888888888888888
charge,5,0.013888888888888888,intend,5.0,0.013888888888888888
overnight,5,0.013888888888888888,maritim,5.0,0.013888888888888888
pack,5,0.013888888888888888,medicin,5.0,0.013888888888888888
mobility,5,0.013888888888888888,cdnag,5.0,0.013888888888888888
council,5,0.013888888888888888,overnight,5.0,0.013888888888888888
cdnag,5,0.013888888888888888,item,5.0,0.013888888888888888
making,5,0.013888888888888888,consum,5.0,0.013888888888888888
wondering,5,0.013888888888888888,mission,5.0,0.013888888888888888
piece,5,0.013888888888888888,promot,5.0,0.013888888888888888
flights,5,0.013888888888888888,hrdd30addqn,5.0,0.013888888888888888
passengers,5,0.013888888888888888,select,5.0,0.013888888888888888
theft,5,0.013888888888888888,commit,5.0,0.013888888888888888
higher,5,0.013888888888888888,loss,5.0,0.013888888888888888
mission,5,0.013888888888888888,effici,5.0,0.013888888888888888
entry,5,0.013888888888888888,seat,5.0,0.013888888888888888
medicines,5,0.013888888888888888,aid,5.0,0.013888888888888888
damage,5,0.013888888888888888,system,5.0,0.013888888888888888
a11y,5,0.013888888888888888,associ,5.0,0.013888888888888888
money,5,0.013888888888888888,public,5.0,0.013888888888888888
opportunities,5,0.013888888888888888,wonder,5.0,0.013888888888888888
death,5,0.013888888888888888,pack,5.0,0.013888888888888888
verify,5,0.013888888888888888,jewelri,5.0,0.013888888888888888
accessability,5,0.013888888888888888,regular,5.0,0.013888888888888888
type,5,0.013888888888888888,differ,5.0,0.013888888888888888
addresses,5,0.013888888888888888,westvan,5.0,0.013888888888888888
items,5,0.013888888888888888,decis,5.0,0.013888888888888888
using,5,0.013888888888888888,notif,5.0,0.013888888888888888
called,5,0.013888888888888888,argument,4.0,0.011111111111111112
confirm,5,0.013888888888888888,done,4.0,0.011111111111111112
coverage,5,0.013888888888888888,governor,4.0,0.011111111111111112
z2c7309muaa,5,0.013888888888888888,dissatisfi,4.0,0.011111111111111112
pay,5,0.013888888888888888,book,4.0,0.011111111111111112
jewelry,5,0.013888888888888888,togeth,4.0,0.011111111111111112
sqn7304e9qb,5,0.013888888888888888,modern,4.0,0.011111111111111112
westvan,5,0.013888888888888888,individu,4.0,0.011111111111111112
select,5,0.013888888888888888,happen,4.0,0.011111111111111112
dramatic,5,0.013888888888888888,advisori,4.0,0.011111111111111112
idpd,5,0.013888888888888888,copi,4.0,0.011111111111111112
two,5,0.013888888888888888,three,4.0,0.011111111111111112
system,5,0.013888888888888888,govern,4.0,0.011111111111111112
seat,5,0.013888888888888888,deadlin,4.0,0.011111111111111112
companies,5,0.013888888888888888,case,4.0,0.011111111111111112
creation,5,0.013888888888888888,enjoy,4.0,0.011111111111111112
media,5,0.013888888888888888,new,4.0,0.011111111111111112
file,5,0.013888888888888888,believ,4.0,0.011111111111111112
maritime,5,0.013888888888888888,evid,4.0,0.011111111111111112
identification,5,0.013888888888888888,rate,4.0,0.011111111111111112
actions,5,0.013888888888888888,offeror,4.0,0.011111111111111112
injury,5,0.013888888888888888,temporari,4.0,0.011111111111111112
people,5,0.013888888888888888,whether,4.0,0.011111111111111112
inside,5,0.013888888888888888,mani,4.0,0.011111111111111112
played,5,0.013888888888888888,typic,4.0,0.011111111111111112
fares,5,0.013888888888888888,submiss,4.0,0.011111111111111112
electronic,5,0.013888888888888888,cost,4.0,0.011111111111111112
points,5,0.013888888888888888,health,4.0,0.011111111111111112
notifications,5,0.013888888888888888,among,4.0,0.011111111111111112
intend,5,0.013888888888888888,conduct,4.0,0.011111111111111112
interruption,5,0.013888888888888888,ask,4.0,0.011111111111111112
comply,5,0.013888888888888888,reserv,4.0,0.011111111111111112
total,4,0.011111111111111112,complianc,4.0,0.011111111111111112
boxing,4,0.011111111111111112,produc,4.0,0.011111111111111112
court,4,0.011111111111111112,30,4.0,0.011111111111111112
achieving,4,0.011111111111111112,cross,4.0,0.011111111111111112
minimum,4,0.011111111111111112,taken,4.0,0.011111111111111112
grain,4,0.011111111111111112,appoint,4.0,0.011111111111111112
advisory,4,0.011111111111111112,canada150,4.0,0.011111111111111112
company,4,0.011111111111111112,polici,4.0,0.011111111111111112
many,4,0.011111111111111112,x7gn307iucj,4.0,0.011111111111111112
answer,4,0.011111111111111112,achiev,4.0,0.011111111111111112
act,4,0.011111111111111112,lhw0300khbn,4.0,0.011111111111111112
roles,4,0.011111111111111112,investig,4.0,0.011111111111111112
taken,4,0.011111111111111112,est,4.0,0.011111111111111112
conduct,4,0.011111111111111112,act,4.0,0.011111111111111112
among,4,0.011111111111111112,total,4.0,0.011111111111111112
evidence,4,0.011111111111111112,regist,4.0,0.011111111111111112
move,4,0.011111111111111112,law,4.0,0.011111111111111112
values,4,0.011111111111111112,court,4.0,0.011111111111111112
ability,4,0.011111111111111112,profession,4.0,0.011111111111111112
communication,4,0.011111111111111112,four,4.0,0.011111111111111112
compliance,4,0.011111111111111112,updat,4.0,0.011111111111111112
operating,4,0.011111111111111112,gic,4.0,0.011111111111111112
offerors,4,0.011111111111111112,fli,4.0,0.011111111111111112
happens,4,0.011111111111111112,bus,4.0,0.011111111111111112
ensuring,4,0.011111111111111112,minimum,4.0,0.011111111111111112
est,4,0.011111111111111112,link,4.0,0.011111111111111112
fees,4,0.011111111111111112,next,4.0,0.011111111111111112
done,4,0.011111111111111112,flightproblem,4.0,0.011111111111111112
government,4,0.011111111111111112,becom,4.0,0.011111111111111112
believe,4,0.011111111111111112,period,4.0,0.011111111111111112
30,4,0.011111111111111112,box,4.0,0.011111111111111112
cpac,4,0.011111111111111112,fee,4.0,0.011111111111111112
canada150,4,0.011111111111111112,tribun,4.0,0.011111111111111112
cost,4,0.011111111111111112,best,3.0,0.008333333333333333
helpful,4,0.011111111111111112,disrupt,3.0,0.008333333333333333
tariffs,4,0.011111111111111112,soon,3.0,0.008333333333333333
applied,4,0.011111111111111112,ferri,3.0,0.008333333333333333
health,4,0.011111111111111112,resourc,3.0,0.008333333333333333
gic,4,0.011111111111111112,far,3.0,0.008333333333333333
idea,4,0.011111111111111112,final,3.0,0.008333333333333333
use,4,0.011111111111111112,life,3.0,0.008333333333333333
three,4,0.011111111111111112,transfer,3.0,0.008333333333333333
flightproblems,4,0.011111111111111112,bit,3.0,0.008333333333333333
next,4,0.011111111111111112,question,3.0,0.008333333333333333
days,4,0.011111111111111112,submit,3.0,0.008333333333333333
typically,4,0.011111111111111112,interswitch,3.0,0.008333333333333333
tribunal,4,0.011111111111111112,statist,3.0,0.008333333333333333
new,4,0.011111111111111112,put,3.0,0.008333333333333333
public,4,0.011111111111111112,technic,3.0,0.008333333333333333
bus,4,0.011111111111111112,origin,3.0,0.008333333333333333
copy,4,0.011111111111111112,westcdnag,3.0,0.008333333333333333
deadline,4,0.011111111111111112,cbc,3.0,0.008333333333333333
x7gn307iucj,4,0.011111111111111112,vsax307jle3,3.0,0.008333333333333333
right,4,0.011111111111111112,replac,3.0,0.008333333333333333
organization,4,0.011111111111111112,commerci,3.0,0.008333333333333333
four,4,0.011111111111111112,visual,3.0,0.008333333333333333
important,4,0.011111111111111112,view,3.0,0.008333333333333333
temporary,4,0.011111111111111112,everyon,3.0,0.008333333333333333
periods,4,0.011111111111111112,schedul,3.0,0.008333333333333333
plan,4,0.011111111111111112,foster,3.0,0.008333333333333333
dissatisfied,4,0.011111111111111112,start,3.0,0.008333333333333333
registered,4,0.011111111111111112,toronto,3.0,0.008333333333333333
submission,4,0.011111111111111112,continu,3.0,0.008333333333333333
lhw0300khbn,4,0.011111111111111112,meet,3.0,0.008333333333333333
communications,4,0.011111111111111112,tax,3.0,0.008333333333333333
governor,4,0.011111111111111112,advertis,3.0,0.008333333333333333
appointment,4,0.011111111111111112,natur,3.0,0.008333333333333333
person,4,0.011111111111111112,involv,3.0,0.008333333333333333
whether,4,0.011111111111111112,ethic,3.0,0.008333333333333333
airports,4,0.011111111111111112,grain,3.0,0.008333333333333333
applicants,4,0.011111111111111112,wide,3.0,0.008333333333333333
run,4,0.011111111111111112,compens,3.0,0.008333333333333333
together,4,0.011111111111111112,big,3.0,0.008333333333333333
look,4,0.011111111111111112,qc0k30af0ef,3.0,0.008333333333333333
previous,3,0.008333333333333333,click,3.0,0.008333333333333333
considered,3,0.008333333333333333,neutral,3.0,0.008333333333333333
implications,3,0.008333333333333333,appear,3.0,0.008333333333333333
mwo3303vdfx,3,0.008333333333333333,allergi,3.0,0.008333333333333333
fact,3,0.008333333333333333,leg,3.0,0.008333333333333333
everyone,3,0.008333333333333333,9vw6309iblh,3.0,0.008333333333333333
commercial,3,0.008333333333333333,depart,3.0,0.008333333333333333
member,3,0.008333333333333333,small,3.0,0.008333333333333333
investigations,3,0.008333333333333333,various,3.0,0.008333333333333333
life,3,0.008333333333333333,similar,3.0,0.008333333333333333
since,3,0.008333333333333333,exampl,3.0,0.008333333333333333
includes,3,0.008333333333333333,mean,3.0,0.008333333333333333
providing,3,0.008333333333333333,mf8a307vcvx,3.0,0.008333333333333333
involved,3,0.008333333333333333,communiti,3.0,0.008333333333333333
latest,3,0.008333333333333333,particip,3.0,0.008333333333333333
terminals,3,0.008333333333333333,target,3.0,0.008333333333333333
efficient,3,0.008333333333333333,contrari,3.0,0.008333333333333333
ask,3,0.008333333333333333,awar,3.0,0.008333333333333333
argument,3,0.008333333333333333,varieti,3.0,0.008333333333333333
final,3,0.008333333333333333,consid,3.0,0.008333333333333333
promote,3,0.008333333333333333,bag,3.0,0.008333333333333333
ferry,3,0.008333333333333333,definit,3.0,0.008333333333333333
association,3,0.008333333333333333,satisfact,3.0,0.008333333333333333
individual,3,0.008333333333333333,characterist,3.0,0.008333333333333333
allergies,3,0.008333333333333333,describ,3.0,0.008333333333333333
compensation,3,0.008333333333333333,base,3.0,0.008333333333333333
exactly,3,0.008333333333333333,reason,3.0,0.008333333333333333
broken,3,0.008333333333333333,recogn,3.0,0.008333333333333333
technical,3,0.008333333333333333,someon,3.0,0.008333333333333333
requested,3,0.008333333333333333,hang,3.0,0.008333333333333333
bags,3,0.008333333333333333,back,3.0,0.008333333333333333
human,3,0.008333333333333333,contravent,3.0,0.008333333333333333
satisfaction,3,0.008333333333333333,confidenti,3.0,0.008333333333333333
confidential,3,0.008333333333333333,difficulti,3.0,0.008333333333333333
far,3,0.008333333333333333,dispos,3.0,0.008333333333333333
toronto,3,0.008333333333333333,deal,3.0,0.008333333333333333
means,3,0.008333333333333333,latest,3.0,0.008333333333333333
itf17,3,0.008333333333333333,fact,3.0,0.008333333333333333
regulation,3,0.008333333333333333,measur,3.0,0.008333333333333333
small,3,0.008333333333333333,exact,3.0,0.008333333333333333
hang,3,0.008333333333333333,implic,3.0,0.008333333333333333
activities,3,0.008333333333333333,versus,3.0,0.008333333333333333
taxes,3,0.008333333333333333,forum,3.0,0.008333333333333333
economically,3,0.008333333333333333,kind,3.0,0.008333333333333333
view,3,0.008333333333333333,previous,3.0,0.008333333333333333
difficulties,3,0.008333333333333333,holiday,3.0,0.008333333333333333
could,3,0.008333333333333333,itf17,3.0,0.008333333333333333
policies,3,0.008333333333333333,human,3.0,0.008333333333333333
booking,3,0.008333333333333333,bring,3.0,0.008333333333333333
definition,3,0.008333333333333333,njq230dcbpa,3.0,0.008333333333333333
9vw6309iblh,3,0.008333333333333333,glove,3.0,0.008333333333333333
bring,3,0.008333333333333333,caus,3.0,0.008333333333333333
aware,3,0.008333333333333333,display,3.0,0.008333333333333333
fostering,3,0.008333333333333333,sinc,3.0,0.008333333333333333
laws,3,0.008333333333333333,proud,3.0,0.008333333333333333
characteristics,3,0.008333333333333333,mwo3303vdfx,3.0,0.008333333333333333
deal,3,0.008333333333333333,open,3.0,0.008333333333333333
someone,3,0.008333333333333333,author,3.0,0.008333333333333333
committed,3,0.008333333333333333,turn,3.0,0.008333333333333333
a1c,3,0.008333333333333333,power,3.0,0.008333333333333333
soon,3,0.008333333333333333,broken,3.0,0.008333333333333333
cbc,3,0.008333333333333333,convinc,3.0,0.008333333333333333
tool,3,0.008333333333333333,rais,3.0,0.008333333333333333
resource,3,0.008333333333333333,due,3.0,0.008333333333333333
decisions,3,0.008333333333333333,a1c,3.0,0.008333333333333333
causes,3,0.008333333333333333,confer,3.0,0.008333333333333333
based,3,0.008333333333333333,could,3.0,0.008333333333333333
operational,3,0.008333333333333333,member,3.0,0.008333333333333333
terminal,3,0.008333333333333333,rang,3.0,0.008333333333333333
agencies,3,0.008333333333333333,full,2.0,0.005555555555555556
regular,3,0.008333333333333333,integr,2.0,0.005555555555555556
conference,3,0.008333333333333333,groundwork,2.0,0.005555555555555556
convince,3,0.008333333333333333,vice,2.0,0.005555555555555556
operators,3,0.008333333333333333,ssxt30f1bh6,2.0,0.005555555555555556
leg,3,0.008333333333333333,even,2.0,0.005555555555555556
transfer,3,0.008333333333333333,11,2.0,0.005555555555555556
njq230dcbpa,3,0.008333333333333333,missedflight,2.0,0.005555555555555556
enforce,3,0.008333333333333333,less,2.0,0.005555555555555556
respectful,3,0.008333333333333333,v9iw30dr5dz,2.0,0.005555555555555556
nature,3,0.008333333333333333,voluntari,2.0,0.005555555555555556
discuss,3,0.008333333333333333,possibl,2.0,0.005555555555555556
statistics,3,0.008333333333333333,obla3061bk0,2.0,0.005555555555555556
submit,3,0.008333333333333333,end,2.0,0.005555555555555556
interswitching,3,0.008333333333333333,result,2.0,0.005555555555555556
examples,3,0.008333333333333333,serv,2.0,0.005555555555555556
westcdnag,3,0.008333333333333333,excel,2.0,0.005555555555555556
raise,3,0.008333333333333333,17,2.0,0.005555555555555556
measures,3,0.008333333333333333,nobodi,2.0,0.005555555555555556
traveltuesdays,3,0.008333333333333333,creat,2.0,0.005555555555555556
disposal,3,0.008333333333333333,catch,2.0,0.005555555555555556
variety,3,0.008333333333333333,exist,2.0,0.005555555555555556
targeted,3,0.008333333333333333,travelright,2.0,0.005555555555555556
gloves,3,0.008333333333333333,later,2.0,0.005555555555555556
received,3,0.008333333333333333,xh0u30ejlj4,2.0,0.005555555555555556
display,3,0.008333333333333333,major,2.0,0.005555555555555556
proud,3,0.008333333333333333,20qq304xplg,2.0,0.005555555555555556
produce,3,0.008333333333333333,qozo306w0wa,2.0,0.005555555555555556
carried,3,0.008333333333333333,share,2.0,0.005555555555555556
departments,3,0.008333333333333333,gwyy307jm1r,2.0,0.005555555555555556
vsax307jle3,3,0.008333333333333333,child,2.0,0.005555555555555556
case,3,0.008333333333333333,al,2.0,0.005555555555555556
point,3,0.008333333333333333,direct,2.0,0.005555555555555556
similar,3,0.008333333333333333,focus,2.0,0.005555555555555556
forum,3,0.008333333333333333,last,2.0,0.005555555555555556
reservation,3,0.008333333333333333,polit,2.0,0.005555555555555556
aids,3,0.008333333333333333,49,2.0,0.005555555555555556
back,3,0.008333333333333333,exceed,2.0,0.005555555555555556
versus,3,0.008333333333333333,old,2.0,0.005555555555555556
visual,3,0.008333333333333333,000,2.0,0.005555555555555556
resolved,3,0.008333333333333333,restraint,2.0,0.005555555555555556
spring,3,0.008333333333333333,adequ,2.0,0.005555555555555556
best,3,0.008333333333333333,vast,2.0,0.005555555555555556
problems,3,0.008333333333333333,avoid,2.0,0.005555555555555556
open,3,0.008333333333333333,1856,2.0,0.005555555555555556
due,3,0.008333333333333333,grand,2.0,0.005555555555555556
contraventions,3,0.008333333333333333,qfwf306a48,2.0,0.005555555555555556
contrary,3,0.008333333333333333,partner,2.0,0.005555555555555556
producing,3,0.008333333333333333,in,2.0,0.005555555555555556
depending,3,0.008333333333333333,provinci,2.0,0.005555555555555556
various,3,0.008333333333333333,speak,2.0,0.005555555555555556
bit,3,0.008333333333333333,anim,2.0,0.005555555555555556
licences,3,0.008333333333333333,execut,2.0,0.005555555555555556
qc0k30af0ef,3,0.008333333333333333,railfact,2.0,0.005555555555555556
click,3,0.008333333333333333,airtravel,2.0,0.005555555555555556
replacement,3,0.008333333333333333,sbox306syu9,2.0,0.005555555555555556
big,3,0.008333333333333333,build,2.0,0.005555555555555556
mf8a307vcvx,3,0.008333333333333333,l4sh307jjqa,2.0,0.005555555555555556
reasons,3,0.008333333333333333,imparti,2.0,0.005555555555555556
play,3,0.008333333333333333,east,2.0,0.005555555555555556
grand,2,0.005555555555555556,traffic,2.0,0.005555555555555556
gqki30dr81k,2,0.005555555555555556,five,2.0,0.005555555555555556
6ssk30dcfhy,2,0.005555555555555556,cpac,2.0,0.005555555555555556
rate,2,0.005555555555555556,formal,2.0,0.005555555555555556
imported,2,0.005555555555555556,1988,2.0,0.005555555555555556
improve,2,0.005555555555555556,shuttl,2.0,0.005555555555555556
dropping,2,0.005555555555555556,si0p30dcg0b,2.0,0.005555555555555556
ok5h30boaej,2,0.005555555555555556,world,2.0,0.005555555555555556
disrupted,2,0.005555555555555556,celebr,2.0,0.005555555555555556
twpr30b1c6t,2,0.005555555555555556,octob,2.0,0.005555555555555556
list,2,0.005555555555555556,interven,2.0,0.005555555555555556
associated,2,0.005555555555555556,justif,2.0,0.005555555555555556
bill,2,0.005555555555555556,6ssk30dcfhi,2.0,0.005555555555555556
mandates,2,0.005555555555555556,twpr30b1c6t,2.0,0.005555555555555556
identical,2,0.005555555555555556,larg,2.0,0.005555555555555556
nbxf30dr4ve,2,0.005555555555555556,157,2.0,0.005555555555555556
enjoy,2,0.005555555555555556,email,2.0,0.005555555555555556
pertinent,2,0.005555555555555556,cp,2.0,0.005555555555555556
reasonable,2,0.005555555555555556,spring,2.0,0.005555555555555556
al,2,0.005555555555555556,news,2.0,0.005555555555555556
describe,2,0.005555555555555556,w6vj309ia2r,2.0,0.005555555555555556
videos,2,0.005555555555555556,duti,2.0,0.005555555555555556
october,2,0.005555555555555556,forward,2.0,0.005555555555555556
provincial,2,0.005555555555555556,form,2.0,0.005555555555555556
si0p30dcg0b,2,0.005555555555555556,and,2.0,0.005555555555555556
poor,2,0.005555555555555556,comment,2.0,0.005555555555555556
nobody,2,0.005555555555555556,d83o301kif0,2.0,0.005555555555555556
start,2,0.005555555555555556,chairperson,2.0,0.005555555555555556
deadlines,2,0.005555555555555556,improv,2.0,0.005555555555555556
east,2,0.005555555555555556,lostbaggag,2.0,0.005555555555555556
bec,2,0.005555555555555556,much,2.0,0.005555555555555556
possible,2,0.005555555555555556,stand,2.0,0.005555555555555556
politics,2,0.005555555555555556,around,2.0,0.005555555555555556
range,2,0.005555555555555556,send,2.0,0.005555555555555556
modernization,2,0.005555555555555556,1100,2.0,0.005555555555555556
000,2,0.005555555555555556,bill,2.0,0.005555555555555556
parlvu,2,0.005555555555555556,ok5h30boaej,2.0,0.005555555555555556
17,2,0.005555555555555556,effort,2.0,0.005555555555555556
news,2,0.005555555555555556,ident,2.0,0.005555555555555556
forward,2,0.005555555555555556,obstacl,2.0,0.005555555555555556
restraint,2,0.005555555555555556,parlvu,2.0,0.005555555555555556
holidays,2,0.005555555555555556,present,2.0,0.005555555555555556
out,2,0.005555555555555556,educ,2.0,0.005555555555555556
employees,2,0.005555555555555556,gqki30dr81k,2.0,0.005555555555555556
financial,2,0.005555555555555556,inclus,2.0,0.005555555555555556
groundwork,2,0.005555555555555556,list,2.0,0.005555555555555556
consultation,2,0.005555555555555556,ontario,2.0,0.005555555555555556
questions,2,0.005555555555555556,s6we306ggqi,2.0,0.005555555555555556
impartial,2,0.005555555555555556,explain,2.0,0.005555555555555556
world,2,0.005555555555555556,summer,2.0,0.005555555555555556
full,2,0.005555555555555556,trunk,2.0,0.005555555555555556
formal,2,0.005555555555555556,pertin,2.0,0.005555555555555556
canadaday,2,0.005555555555555556,youtu,2.0,0.005555555555555556
apply,2,0.005555555555555556,bec,2.0,0.005555555555555556
aid,2,0.005555555555555556,2015,2.0,0.005555555555555556
obla3061bk0,2,0.005555555555555556,nbxf30dr4ve,2.0,0.005555555555555556
crop,2,0.005555555555555556,unreason,2.0,0.005555555555555556
seasons,2,0.005555555555555556,pacif,2.0,0.005555555555555556
intervene,2,0.005555555555555556,took,2.0,0.005555555555555556
interview,2,0.005555555555555556,ciltna,2.0,0.005555555555555556
unreasonable,2,0.005555555555555556,option,2.0,0.005555555555555556
continues,2,0.005555555555555556,lay,2.0,0.005555555555555556
communities,2,0.005555555555555556,goal,2.0,0.005555555555555556
v9iw30dr5dz,2,0.005555555555555556,stress,2.0,0.005555555555555556
recommend,2,0.005555555555555556,practic,2.0,0.005555555555555556
helps,2,0.005555555555555556,amount,2.0,0.005555555555555556
agchat,2,0.005555555555555556,stewardship,2.0,0.005555555555555556
animals,2,0.005555555555555556,six,2.0,0.005555555555555556
l4sh307jjqa,2,0.005555555555555556,winter,2.0,0.005555555555555556
standing,2,0.005555555555555556,multipl,2.0,0.005555555555555556
w1q3303kfof,2,0.005555555555555556,nrd2017,2.0,0.005555555555555556
answers,2,0.005555555555555556,pm1230dkoyw,2.0,0.005555555555555556
undue,2,0.005555555555555556,attend,2.0,0.005555555555555556
concerning,2,0.005555555555555556,topic,2.0,0.005555555555555556
justification,2,0.005555555555555556,vacationwo,2.0,0.005555555555555556
let,2,0.005555555555555556,employe,2.0,0.005555555555555556
child,2,0.005555555555555556,complain,2.0,0.005555555555555556
sbox306syu9,2,0.005555555555555556,border,2.0,0.005555555555555556
duties,2,0.005555555555555556,staff,2.0,0.005555555555555556
access,2,0.005555555555555556,foundat,2.0,0.005555555555555556
kind,2,0.005555555555555556,concern,2.0,0.005555555555555556
youtu,2,0.005555555555555556,sxak307ioff,2.0,0.005555555555555556
traveltuesday,2,0.005555555555555556,divers,2.0,0.005555555555555556
participate,2,0.005555555555555556,confeder,2.0,0.005555555555555556
much,2,0.005555555555555556,greet,2.0,0.005555555555555556
majority,2,0.005555555555555556,join,2.0,0.005555555555555556
recognizing,2,0.005555555555555556,handi,2.0,0.005555555555555556
research,2,0.005555555555555556,domest,2.0,0.005555555555555556
send,2,0.005555555555555556,free,2.0,0.005555555555555556
infant,2,0.005555555555555556,vari,2.0,0.005555555555555556
train,2,0.005555555555555556,good,2.0,0.005555555555555556
links,2,0.005555555555555556,democraci,2.0,0.005555555555555556
vice,2,0.005555555555555556,financi,2.0,0.005555555555555556
and,2,0.005555555555555556,initi,2.0,0.005555555555555556
r4vi301wsoi,2,0.005555555555555556,met,2.0,0.005555555555555556
lostbaggage,2,0.005555555555555556,interview,2.0,0.005555555555555556
put,2,0.005555555555555556,out,2.0,0.005555555555555556
mediator,2,0.005555555555555556,valu,2.0,0.005555555555555556
2015,2,0.005555555555555556,nd9a309i87h,2.0,0.005555555555555556
options,2,0.005555555555555556,en,2.0,0.005555555555555556
action,2,0.005555555555555556,mode,2.0,0.005555555555555556
social,2,0.005555555555555556,standard,2.0,0.005555555555555556
advertising,2,0.005555555555555556,undu,2.0,0.005555555555555556
even,2,0.005555555555555556,entitl,2.0,0.005555555555555556
49,2,0.005555555555555556,social,2.0,0.005555555555555556
trunk,2,0.005555555555555556,16,2.0,0.005555555555555556
regulated,2,0.005555555555555556,webcast,2.0,0.005555555555555556
license,2,0.005555555555555556,opinion,2.0,0.005555555555555556
last,2,0.005555555555555556,poor,2.0,0.005555555555555556
adequate,2,0.005555555555555556,507,2.0,0.005555555555555556
confederation,2,0.005555555555555556,infant,2.0,0.005555555555555556
gwyy307jm1r,2,0.005555555555555556,talk,2.0,0.005555555555555556
ethics,2,0.005555555555555556,let,2.0,0.005555555555555556
educational,2,0.005555555555555556,1000,2.0,0.005555555555555556
democracy,2,0.005555555555555556,frustrat,2.0,0.005555555555555556
code,2,0.005555555555555556,principl,2.0,0.005555555555555556
stewardship,2,0.005555555555555556,licens,2.0,0.005555555555555556
efficiently,2,0.005555555555555556,maintain,2.0,0.005555555555555556
six,2,0.005555555555555556,w1q3303kfof,2.0,0.005555555555555556
respected,2,0.005555555555555556,canadaday,2.0,0.005555555555555556
railfacts,2,0.005555555555555556,deni,2.0,0.005555555555555556
initiative,2,0.005555555555555556,throwbackthursday,2.0,0.005555555555555556
resolving,2,0.005555555555555556,brief,2.0,0.005555555555555556
met,2,0.005555555555555556,penalti,2.0,0.005555555555555556
20qq304xplg,2,0.005555555555555556,corner,2.0,0.005555555555555556
aviation,2,0.005555555555555556,recommend,2.0,0.005555555555555556
decision,2,0.005555555555555556,think,2.0,0.005555555555555556
form,2,0.005555555555555556,agchat,2.0,0.005555555555555556
cases,2,0.005555555555555556,futur,2.0,0.005555555555555556
efforts,2,0.005555555555555556,scope,2.0,0.005555555555555556
enjoys,2,0.005555555555555556,code,2.0,0.005555555555555556
fly,2,0.005555555555555556,r4vi301wsoi,2.0,0.005555555555555556
respect,2,0.005555555555555556,cdnmuni,2.0,0.005555555555555556
voluntary,2,0.005555555555555556,factor,2.0,0.005555555555555556
cp,2,0.005555555555555556,panelist,2.0,0.005555555555555556
1988,2,0.005555555555555556,slow,2.0,0.005555555555555556
took,2,0.005555555555555556,complic,1.0,0.002777777777777778
celebrate,2,0.005555555555555556,ijlo307vdkm,1.0,0.002777777777777778
lay,2,0.005555555555555556,blind,1.0,0.002777777777777778
inclusive,2,0.005555555555555556,land,1.0,0.002777777777777778
157,2,0.005555555555555556,refer,1.0,0.002777777777777778
directed,2,0.005555555555555556,plf1309i7r1,1.0,0.002777777777777778
winter,2,0.005555555555555556,prairi,1.0,0.002777777777777778
promotes,2,0.005555555555555556,existenti,1.0,0.002777777777777778
discussion,2,0.005555555555555556,miscarri,1.0,0.002777777777777778
slow,2,0.005555555555555556,faster,1.0,0.002777777777777778
nrd2017,2,0.005555555555555556,pioneer,1.0,0.002777777777777778
scope,2,0.005555555555555556,refund,1.0,0.002777777777777778
helped,2,0.005555555555555556,home,1.0,0.002777777777777778
integrity,2,0.005555555555555556,130,1.0,0.002777777777777778
exists,2,0.005555555555555556,invest,1.0,0.002777777777777778
updated,2,0.005555555555555556,prior,1.0,0.002777777777777778
1100,2,0.005555555555555556,pet,1.0,0.002777777777777778
diverse,2,0.005555555555555556,378,1.0,0.002777777777777778
paying,2,0.005555555555555556,cooper,1.0,0.002777777777777778
power,2,0.005555555555555556,jzyl30ebkgl,1.0,0.002777777777777778
smooth,2,0.005555555555555556,legal,1.0,0.002777777777777778
borders,2,0.005555555555555556,tell,1.0,0.002777777777777778
507,2,0.005555555555555556,dream,1.0,0.002777777777777778
email,2,0.005555555555555556,innuendo,1.0,0.002777777777777778
goals,2,0.005555555555555556,ground,1.0,0.002777777777777778
w6vj309ia2r,2,0.005555555555555556,oh,1.0,0.002777777777777778
neutral,2,0.005555555555555556,vaccin,1.0,0.002777777777777778
maintained,2,0.005555555555555556,about,1.0,0.002777777777777778
commit,2,0.005555555555555556,chapter,1.0,0.002777777777777778
missedflight,2,0.005555555555555556,panel,1.0,0.002777777777777778
d83o301kif0,2,0.005555555555555556,pco430e7oyg,1.0,0.002777777777777778
corner,2,0.005555555555555556,043,1.0,0.002777777777777778
professional,2,0.005555555555555556,1938,1.0,0.002777777777777778
ssxt30f1bh6,2,0.005555555555555556,5dq0309ice2,1.0,0.002777777777777778
domestic,2,0.005555555555555556,fulli,1.0,0.002777777777777778
arriving,2,0.005555555555555556,although,1.0,0.002777777777777778
wide,2,0.005555555555555556,iprz307gcdd,1.0,0.002777777777777778
11,2,0.005555555555555556,chief,1.0,0.002777777777777778
nd9a309i87h,2,0.005555555555555556,59cr30glh14,1.0,0.002777777777777778
ciltna,2,0.005555555555555556,fnu4303gs9,1.0,0.002777777777777778
en,2,0.005555555555555556,doubl,1.0,0.002777777777777778
types,2,0.005555555555555556,american,1.0,0.002777777777777778
catching,2,0.005555555555555556,687,1.0,0.002777777777777778
checking,2,0.005555555555555556,agreement,1.0,0.002777777777777778
five,2,0.005555555555555556,lose,1.0,0.002777777777777778
revenue,2,0.005555555555555556,umdc300yqra,1.0,0.002777777777777778
1000,2,0.005555555555555556,more,1.0,0.002777777777777778
think,2,0.005555555555555556,q9ck307iuhh,1.0,0.002777777777777778
factors,2,0.005555555555555556,xrby30elhxa,1.0,0.002777777777777778
turn,2,0.005555555555555556,300,1.0,0.002777777777777778
become,2,0.005555555555555556,age,1.0,0.002777777777777778
ontario,2,0.005555555555555556,113th,1.0,0.002777777777777778
policy,2,0.005555555555555556,telegraph,1.0,0.002777777777777778
16,2,0.005555555555555556,iveson,1.0,0.002777777777777778
later,2,0.005555555555555556,nationalhaikuday,1.0,0.002777777777777778
avoid,2,0.005555555555555556,safe,1.0,0.002777777777777778
cross,2,0.005555555555555556,mywt301ri1d,1.0,0.002777777777777778
flying,2,0.005555555555555556,mainten,1.0,0.002777777777777778
vary,2,0.005555555555555556,partial,1.0,0.002777777777777778
multiple,2,0.005555555555555556,ubip30ejbrz,1.0,0.002777777777777778
shuttle,2,0.005555555555555556,tanker,1.0,0.002777777777777778
sxak307ioff,2,0.005555555555555556,serious,1.0,0.002777777777777778
inform,2,0.005555555555555556,wait,1.0,0.002777777777777778
obstacles,2,0.005555555555555556,stbdot,1.0,0.002777777777777778
ideas,2,0.005555555555555556,rise,1.0,0.002777777777777778
talk,2,0.005555555555555556,haul,1.0,0.002777777777777778
rates,2,0.005555555555555556,rental,1.0,0.002777777777777778
s6we306ggqy,2,0.005555555555555556,unproven,1.0,0.002777777777777778
schedule,2,0.005555555555555556,84,1.0,0.002777777777777778
needed,2,0.005555555555555556,invoic,1.0,0.002777777777777778
topics,2,0.005555555555555556,mou,1.0,0.002777777777777778
future,2,0.005555555555555556,nos,1.0,0.002777777777777778
less,2,0.005555555555555556,s9gl306abiw,1.0,0.002777777777777778
handy,2,0.005555555555555556,somewher,1.0,0.002777777777777778
entitlements,2,0.005555555555555556,name,1.0,0.002777777777777778
ruled,2,0.005555555555555556,servant,1.0,0.002777777777777778
around,2,0.005555555555555556,100,1.0,0.002777777777777778
vacationwoes,2,0.005555555555555556,separ,1.0,0.002777777777777778
professionalism,2,0.005555555555555556,leipzig,1.0,0.002777777777777778
traffic,2,0.005555555555555556,12,1.0,0.002777777777777778
travelrights,2,0.005555555555555556,would,1.0,0.002777777777777778
1856,2,0.005555555555555556,53,1.0,0.002777777777777778
vast,2,0.005555555555555556,beforeyoufli,1.0,0.002777777777777778
airtravel,2,0.005555555555555556,vacat,1.0,0.002777777777777778
provided,2,0.005555555555555556,transmiss,1.0,0.002777777777777778
regularly,2,0.005555555555555556,8bymrams7j0,1.0,0.002777777777777778
officer,2,0.005555555555555556,germani,1.0,0.002777777777777778
xh0u30ejlj4,2,0.005555555555555556,mayor,1.0,0.002777777777777778
qozo306w0wa,2,0.005555555555555556,ikh830cgno,1.0,0.002777777777777778
provider,2,0.005555555555555556,neil30ehpix,1.0,0.002777777777777778
excellence,2,0.005555555555555556,23,1.0,0.002777777777777778
level,2,0.005555555555555556,better,1.0,0.002777777777777778
request,2,0.005555555555555556,115,1.0,0.002777777777777778
qfwf306a48s,2,0.005555555555555556,fyy030f9cdq,1.0,0.002777777777777778
staff,2,0.005555555555555556,feel,1.0,0.002777777777777778
travels,2,0.005555555555555556,juli,1.0,0.002777777777777778
old,2,0.005555555555555556,infrastructur,1.0,0.002777777777777778
pacific,2,0.005555555555555556,crise,1.0,0.002777777777777778
summer,2,0.005555555555555556,simplifi,1.0,0.002777777777777778
cancel,2,0.005555555555555556,svtp30ep8m,1.0,0.002777777777777778
greetings,2,0.005555555555555556,laudabl,1.0,0.002777777777777778
telephone,2,0.005555555555555556,farmer,1.0,0.002777777777777778
free,2,0.005555555555555556,yy8w305z9cj,1.0,0.002777777777777778
stressful,2,0.005555555555555556,sen,1.0,0.002777777777777778
chairperson,2,0.005555555555555556,2010,1.0,0.002777777777777778
applicant,2,0.005555555555555556,page,1.0,0.002777777777777778
change,2,0.005555555555555556,31,1.0,0.002777777777777778
denied,2,0.005555555555555556,program,1.0,0.002777777777777778
foundation,2,0.005555555555555556,live,1.0,0.002777777777777778
throwbackthursday,2,0.005555555555555556,benefit,1.0,0.002777777777777778
pm1230dkoyw,2,0.005555555555555556,still,1.0,0.002777777777777778
comments,2,0.005555555555555556,side,1.0,0.002777777777777778
modern,2,0.005555555555555556,greater,1.0,0.002777777777777778
completed,2,0.005555555555555556,percent,1.0,0.002777777777777778
schedules,2,0.005555555555555556,maximum,1.0,0.002777777777777778
determinations,2,0.005555555555555556,aboard,1.0,0.002777777777777778
linked,2,0.005555555555555556,5srr307jipz,1.0,0.002777777777777778
ins,2,0.005555555555555556,hold,1.0,0.002777777777777778
update,2,0.005555555555555556,wish,1.0,0.002777777777777778
cdnmuni,2,0.005555555555555556,default,1.0,0.002777777777777778
webcast,2,0.005555555555555556,5zx7306gewp,1.0,0.002777777777777778
panelist,2,0.005555555555555556,46,1.0,0.002777777777777778
outlines,1,0.002777777777777778,7ypz30be0iy,1.0,0.002777777777777778
consequently,1,0.002777777777777778,741,1.0,0.002777777777777778
infographic,1,0.002777777777777778,compliant,1.0,0.002777777777777778
prohibited,1,0.002777777777777778,discriminatori,1.0,0.002777777777777778
goods,1,0.002777777777777778,challeng,1.0,0.002777777777777778
113th,1,0.002777777777777778,rzlz30ejkat,1.0,0.002777777777777778
availability,1,0.002777777777777778,financialpost,1.0,0.002777777777777778
issued,1,0.002777777777777778,953,1.0,0.002777777777777778
inaccurate,1,0.002777777777777778,heard,1.0,0.002777777777777778
kinds,1,0.002777777777777778,9yzm308qvrn,1.0,0.002777777777777778
pco430e7oyg,1,0.002777777777777778,unavail,1.0,0.002777777777777778
fnu4303gs9e,1,0.002777777777777778,ntrp307igvt,1.0,0.002777777777777778
silence,1,0.002777777777777778,webinar,1.0,0.002777777777777778
assisting,1,0.002777777777777778,oil,1.0,0.002777777777777778
starts,1,0.002777777777777778,commiss,1.0,0.002777777777777778
transmission,1,0.002777777777777778,onlin,1.0,0.002777777777777778
exceed,1,0.002777777777777778,f95m30fixb5,1.0,0.002777777777777778
jump,1,0.002777777777777778,keep,1.0,0.002777777777777778
another,1,0.002777777777777778,canmuni,1.0,0.002777777777777778
per,1,0.002777777777777778,per,1.0,0.002777777777777778
bad,1,0.002777777777777778,record,1.0,0.002777777777777778
kbmn30gpqb9,1,0.002777777777777778,724,1.0,0.002777777777777778
authority,1,0.002777777777777778,certain,1.0,0.002777777777777778
rule,1,0.002777777777777778,our,1.0,0.002777777777777778
fyy030f9cdq,1,0.002777777777777778,cheaper,1.0,0.002777777777777778
space,1,0.002777777777777778,sometim,1.0,0.002777777777777778
115,1,0.002777777777777778,i4hn30adpfk,1.0,0.002777777777777778
reserving,1,0.002777777777777778,deem,1.0,0.002777777777777778
300,1,0.002777777777777778,j3lb30ctno7,1.0,0.002777777777777778
countries,1,0.002777777777777778,facebook,1.0,0.002777777777777778
facebook,1,0.002777777777777778,prepar,1.0,0.002777777777777778
home,1,0.002777777777777778,rome,1.0,0.002777777777777778
surprise,1,0.002777777777777778,aspar,1.0,0.002777777777777778
messages,1,0.002777777777777778,surpris,1.0,0.002777777777777778
provides,1,0.002777777777777778,fast,1.0,0.002777777777777778
never,1,0.002777777777777778,imper,1.0,0.002777777777777778
breach,1,0.002777777777777778,725,1.0,0.002777777777777778
tonnes,1,0.002777777777777778,sight,1.0,0.002777777777777778
refused,1,0.002777777777777778,2ctuj40,1.0,0.002777777777777778
stay,1,0.002777777777777778,emot,1.0,0.002777777777777778
monday,1,0.002777777777777778,gone,1.0,0.002777777777777778
ijlo307vdkm,1,0.002777777777777778,bell,1.0,0.002777777777777778
continuing,1,0.002777777777777778,qktk30f1akn,1.0,0.002777777777777778
created,1,0.002777777777777778,remain,1.0,0.002777777777777778
although,1,0.002777777777777778,pm,1.0,0.002777777777777778
vaccinations,1,0.002777777777777778,mile,1.0,0.002777777777777778
north,1,0.002777777777777778,assum,1.0,0.002777777777777778
100,1,0.002777777777777778,monopoli,1.0,0.002777777777777778
volume,1,0.002777777777777778,transit,1.0,0.002777777777777778
953,1,0.002777777777777778,flightcancel,1.0,0.002777777777777778
amounts,1,0.002777777777777778,43,1.0,0.002777777777777778
percent,1,0.002777777777777778,proport,1.0,0.002777777777777778
yttj308mhlm,1,0.002777777777777778,north,1.0,0.002777777777777778
warning,1,0.002777777777777778,underway,1.0,0.002777777777777778
46,1,0.002777777777777778,dwon307gdoy,1.0,0.002777777777777778
insured,1,0.002777777777777778,615,1.0,0.002777777777777778
toll,1,0.002777777777777778,1908,1.0,0.002777777777777778
functions,1,0.002777777777777778,weather,1.0,0.002777777777777778
sometimes,1,0.002777777777777778,assess,1.0,0.002777777777777778
partially,1,0.002777777777777778,impress,1.0,0.002777777777777778
explaining,1,0.002777777777777778,plane,1.0,0.002777777777777778
universal,1,0.002777777777777778,terri,1.0,0.002777777777777778
verification,1,0.002777777777777778,attent,1.0,0.002777777777777778
wish,1,0.002777777777777778,nby830gpono,1.0,0.002777777777777778
recognize,1,0.002777777777777778,ix2k30eltgi,1.0,0.002777777777777778
dr,1,0.002777777777777778,averag,1.0,0.002777777777777778
aspar,1,0.002777777777777778,mydream,1.0,0.002777777777777778
standard,1,0.002777777777777778,stay,1.0,0.002777777777777778
sensory,1,0.002777777777777778,meaning,1.0,0.002777777777777778
zok8307veif,1,0.002777777777777778,telephon,1.0,0.002777777777777778
ruling,1,0.002777777777777778,specif,1.0,0.002777777777777778
runs,1,0.002777777777777778,road,1.0,0.002777777777777778
demonstrate,1,0.002777777777777778,8hzg30cewi0,1.0,0.002777777777777778
filed,1,0.002777777777777778,sept,1.0,0.002777777777777778
7ssx30bolab,1,0.002777777777777778,industri,1.0,0.002777777777777778
meets,1,0.002777777777777778,facili,1.0,0.002777777777777778
here,1,0.002777777777777778,behalf,1.0,0.002777777777777778
letters,1,0.002777777777777778,demonstr,1.0,0.002777777777777778
beforeyoufly,1,0.002777777777777778,third,1.0,0.002777777777777778
requires,1,0.002777777777777778,brussel,1.0,0.002777777777777778
neutrality,1,0.002777777777777778,warn,1.0,0.002777777777777778
summit,1,0.002777777777777778,merg,1.0,0.002777777777777778
appropriate,1,0.002777777777777778,cdntravel,1.0,0.002777777777777778
remembrance,1,0.002777777777777778,remembr,1.0,0.002777777777777778
043,1,0.002777777777777778,qaz3306j9f9,1.0,0.002777777777777778
book,1,0.002777777777777778,accept,1.0,0.002777777777777778
panel,1,0.002777777777777778,function,1.0,0.002777777777777778
about,1,0.002777777777777778,7ssx30bolab,1.0,0.002777777777777778
facilities,1,0.002777777777777778,commemor,1.0,0.002777777777777778
executives,1,0.002777777777777778,anoth,1.0,0.002777777777777778
impressed,1,0.002777777777777778,cognit,1.0,0.002777777777777778
43,1,0.002777777777777778,valid,1.0,0.002777777777777778
fertilizer,1,0.002777777777777778,4oen307veco,1.0,0.002777777777777778
59cr30glh14,1,0.002777777777777778,reli,1.0,0.002777777777777778
commitment,1,0.002777777777777778,via,1.0,0.002777777777777778
weather,1,0.002777777777777778,consul,1.0,0.002777777777777778
land,1,0.002777777777777778,qthe307ite7,1.0,0.002777777777777778
wearing,1,0.002777777777777778,whose,1.0,0.002777777777777778
austen,1,0.002777777777777778,fourth,1.0,0.002777777777777778
q9ck307iuhh,1,0.002777777777777778,port,1.0,0.002777777777777778
entitlement,1,0.002777777777777778,control,1.0,0.002777777777777778
imperial,1,0.002777777777777778,support,1.0,0.002777777777777778
frustration,1,0.002777777777777778,phone,1.0,0.002777777777777778
spam,1,0.002777777777777778,perspect,1.0,0.002777777777777778
question,1,0.002777777777777778,revenu,1.0,0.002777777777777778
notices,1,0.002777777777777778,367,1.0,0.002777777777777778
j3lb30ctno7,1,0.002777777777777778,attack,1.0,0.002777777777777778
briefing,1,0.002777777777777778,volum,1.0,0.002777777777777778
page,1,0.002777777777777778,kdao30adpl8,1.0,0.002777777777777778
partners,1,0.002777777777777778,hiv5306tgvu,1.0,0.002777777777777778
practice,1,0.002777777777777778,express,1.0,0.002777777777777778
temporarily,1,0.002777777777777778,yttj308mhlm,1.0,0.002777777777777778
second,1,0.002777777777777778,toll,1.0,0.002777777777777778
principles,1,0.002777777777777778,deliv,1.0,0.002777777777777778
powers,1,0.002777777777777778,addit,1.0,0.002777777777777778
assessed,1,0.002777777777777778,784,1.0,0.002777777777777778
bkyh30ebbqv,1,0.002777777777777778,bodi,1.0,0.002777777777777778
maythefourthbewithyou,1,0.002777777777777778,dedic,1.0,0.002777777777777778
tran,1,0.002777777777777778,crew,1.0,0.002777777777777778
joins,1,0.002777777777777778,thanksgiv,1.0,0.002777777777777778
mode,1,0.002777777777777778,howev,1.0,0.002777777777777778
respecting,1,0.002777777777777778,qrys30dbxtd,1.0,0.002777777777777778
crossing,1,0.002777777777777778,tttb303jgv0,1.0,0.002777777777777778
references,1,0.002777777777777778,alon,1.0,0.002777777777777778
cooperation,1,0.002777777777777778,aircraft,1.0,0.002777777777777778
nationalhaikuday,1,0.002777777777777778,fortun,1.0,0.002777777777777778
operates,1,0.002777777777777778,outlin,1.0,0.002777777777777778
greater,1,0.002777777777777778,piti,1.0,0.002777777777777778
ends,1,0.002777777777777778,come,1.0,0.002777777777777778
yy8w305z9cj,1,0.002777777777777778,196,1.0,0.002777777777777778
130,1,0.002777777777777778,solv,1.0,0.002777777777777778
poyl301kuii,1,0.002777777777777778,wear,1.0,0.002777777777777778
principle,1,0.002777777777777778,car,1.0,0.002777777777777778
looks,1,0.002777777777777778,3jo630fzxeq,1.0,0.002777777777777778
accredited,1,0.002777777777777778,gklg306f0iu,1.0,0.002777777777777778
frustrated,1,0.002777777777777778,flow,1.0,0.002777777777777778
failsafe,1,0.002777777777777778,rmi,1.0,0.002777777777777778
regulator,1,0.002777777777777778,poyl301kuii,1.0,0.002777777777777778
state,1,0.002777777777777778,hoxj30fiq71,1.0,0.002777777777777778
724,1,0.002777777777777778,accord,1.0,0.002777777777777778
gv1230casur,1,0.002777777777777778,fertil,1.0,0.002777777777777778
flow,1,0.002777777777777778,altern,1.0,0.002777777777777778
2010,1,0.002777777777777778,method,1.0,0.002777777777777778
700,1,0.002777777777777778,across,1.0,0.002777777777777778
exceeded,1,0.002777777777777778,violat,1.0,0.002777777777777778
unavailable,1,0.002777777777777778,9gfp303m0qr,1.0,0.002777777777777778
debate,1,0.002777777777777778,committe,1.0,0.002777777777777778
457,1,0.002777777777777778,net,1.0,0.002777777777777778
publication,1,0.002777777777777778,spoke,1.0,0.002777777777777778
germany,1,0.002777777777777778,tonn,1.0,0.002777777777777778
pet,1,0.002777777777777778,cabin,1.0,0.002777777777777778
responsible,1,0.002777777777777778,xwfm30hm73p,1.0,0.002777777777777778
thorough,1,0.002777777777777778,temporarili,1.0,0.002777777777777778
cabin,1,0.002777777777777778,verif,1.0,0.002777777777777778
interests,1,0.002777777777777778,gotta,1.0,0.002777777777777778
808,1,0.002777777777777778,448,1.0,0.002777777777777778
explanation,1,0.002777777777777778,janeaustenday,1.0,0.002777777777777778
blue,1,0.002777777777777778,along,1.0,0.002777777777777778
july,1,0.002777777777777778,seuss,1.0,0.002777777777777778
veee307vfhw,1,0.002777777777777778,liabil,1.0,0.002777777777777778
ubip30ejbrz,1,0.002777777777777778,light,1.0,0.002777777777777778
reassuring,1,0.002777777777777778,second,1.0,0.002777777777777778
pitied,1,0.002777777777777778,288,1.0,0.002777777777777778
convenience,1,0.002777777777777778,baltimor,1.0,0.002777777777777778
egsk30fkssy,1,0.002777777777777778,947,1.0,0.002777777777777778
attending,1,0.002777777777777778,design,1.0,0.002777777777777778
our,1,0.002777777777777778,mount,1.0,0.002777777777777778
soldiers,1,0.002777777777777778,other,1.0,0.002777777777777778
84,1,0.002777777777777778,allin,1.0,0.002777777777777778
stipulate,1,0.002777777777777778,space,1.0,0.002777777777777778
violation,1,0.002777777777777778,counter,1.0,0.002777777777777778
phase,1,0.002777777777777778,nrd2016,1.0,0.002777777777777778
face,1,0.002777777777777778,kihm30fizti,1.0,0.002777777777777778
birthday,1,0.002777777777777778,reassur,1.0,0.002777777777777778
thanksgiving,1,0.002777777777777778,journey,1.0,0.002777777777777778
guiding,1,0.002777777777777778,becam,1.0,0.002777777777777778
5srr307jipz,1,0.002777777777777778,com,1.0,0.002777777777777778
times,1,0.002777777777777778,provis,1.0,0.002777777777777778
5vm730b1mro,1,0.002777777777777778,repres,1.0,0.002777777777777778
length,1,0.002777777777777778,sad,1.0,0.002777777777777778
allow,1,0.002777777777777778,thorough,1.0,0.002777777777777778
taking,1,0.002777777777777778,808,1.0,0.002777777777777778
gs1p30ciylh,1,0.002777777777777778,prohibit,1.0,0.002777777777777778
chief,1,0.002777777777777778,consequ,1.0,0.002777777777777778
executive,1,0.002777777777777778,taxi,1.0,0.002777777777777778
rebooked,1,0.002777777777777778,effect,1.0,0.002777777777777778
nationallimerickday,1,0.002777777777777778,15,1.0,0.002777777777777778
advertises,1,0.002777777777777778,asid,1.0,0.002777777777777778
31,1,0.002777777777777778,dr,1.0,0.002777777777777778
light,1,0.002777777777777778,zok8307veif,1.0,0.002777777777777778
resulting,1,0.002777777777777778,14,1.0,0.002777777777777778
deemed,1,0.002777777777777778,bkyh30ebbqv,1.0,0.002777777777777778
4fpn307iv0u,1,0.002777777777777778,hzls30dki2w,1.0,0.002777777777777778
presents,1,0.002777777777777778,releas,1.0,0.002777777777777778
opinion,1,0.002777777777777778,maythefourthbewithyou,1.0,0.002777777777777778
named,1,0.002777777777777778,sacrific,1.0,0.002777777777777778
uiu5309mvnp,1,0.002777777777777778,face,1.0,0.002777777777777778
jurisdiction,1,0.002777777777777778,breach,1.0,0.002777777777777778
ranging,1,0.002777777777777778,longest,1.0,0.002777777777777778
advertised,1,0.002777777777777778,jurisdict,1.0,0.002777777777777778
delivering,1,0.002777777777777778,cannot,1.0,0.002777777777777778
bell,1,0.002777777777777778,accessiblecanada,1.0,0.002777777777777778
renders,1,0.002777777777777778,imperi,1.0,0.002777777777777778
payments,1,0.002777777777777778,gn2d30fyael,1.0,0.002777777777777778
loses,1,0.002777777777777778,financ,1.0,0.002777777777777778
discontinuance,1,0.002777777777777778,embassi,1.0,0.002777777777777778
whose,1,0.002777777777777778,inaugur,1.0,0.002777777777777778
crises,1,0.002777777777777778,freight,1.0,0.002777777777777778
haul,1,0.002777777777777778,discontinu,1.0,0.002777777777777778
exercise,1,0.002777777777777778,stipul,1.0,0.002777777777777778
sky,1,0.002777777777777778,1910,1.0,0.002777777777777778
body,1,0.002777777777777778,fine,1.0,0.002777777777777778
provisions,1,0.002777777777777778,feedback,1.0,0.002777777777777778
add,1,0.002777777777777778,state,1.0,0.002777777777777778
288,1,0.002777777777777778,dialogu,1.0,0.002777777777777778
hqxy306a3br,1,0.002777777777777778,uxry306a07k,1.0,0.002777777777777778
440,1,0.002777777777777778,5vm730b1mro,1.0,0.002777777777777778
qthe307ite7,1,0.002777777777777778,checklist,1.0,0.002777777777777778
partner,1,0.002777777777777778,00,1.0,0.002777777777777778
certificate,1,0.002777777777777778,close,1.0,0.002777777777777778
animal,1,0.002777777777777778,u5jm304suha,1.0,0.002777777777777778
urged,1,0.002777777777777778,reach,1.0,0.002777777777777778
canmuni,1,0.002777777777777778,normal,1.0,0.002777777777777778
addition,1,0.002777777777777778,773,1.0,0.002777777777777778
leipzig,1,0.002777777777777778,blue,1.0,0.002777777777777778
imperative,1,0.002777777777777778,suffer,1.0,0.002777777777777778
commemorating,1,0.002777777777777778,urg,1.0,0.002777777777777778
establishment,1,0.002777777777777778,expert,1.0,0.002777777777777778
arbitrator,1,0.002777777777777778,gv1230casur,1.0,0.002777777777777778
mailing,1,0.002777777777777778,review,1.0,0.002777777777777778
underway,1,0.002777777777777778,inaccur,1.0,0.002777777777777778
947,1,0.002777777777777778,debat,1.0,0.002777777777777778
counter,1,0.002777777777777778,conveni,1.0,0.002777777777777778
nrd2016,1,0.002777777777777778,letter,1.0,0.002777777777777778
relevant,1,0.002777777777777778,phase,1.0,0.002777777777777778
pieces,1,0.002777777777777778,suitcas,1.0,0.002777777777777778
invoices,1,0.002777777777777778,payment,1.0,0.002777777777777778
urban,1,0.002777777777777778,delet,1.0,0.002777777777777778
725,1,0.002777777777777778,crop,1.0,0.002777777777777778
rbc,1,0.002777777777777778,amaz,1.0,0.002777777777777778
dreams,1,0.002777777777777778,nationallimerickday,1.0,0.002777777777777778
upcoming,1,0.002777777777777778,municip,1.0,0.002777777777777778
becomes,1,0.002777777777777778,ongo,1.0,0.002777777777777778
contacted,1,0.002777777777777778,aspect,1.0,0.002777777777777778
informally,1,0.002777777777777778,sign,1.0,0.002777777777777778
rnj7306udgx,1,0.002777777777777778,certif,1.0,0.002777777777777778
agreements,1,0.002777777777777778,telecommun,1.0,0.002777777777777778
challenge,1,0.002777777777777778,starwar,1.0,0.002777777777777778
servants,1,0.002777777777777778,contain,1.0,0.002777777777777778
holiday,1,0.002777777777777778,jump,1.0,0.002777777777777778
meet,1,0.002777777777777778,canadarememb,1.0,0.002777777777777778
control,1,0.002777777777777778,veee307vfhw,1.0,0.002777777777777778
western,1,0.002777777777777778,314,1.0,0.002777777777777778
authorities,1,0.002777777777777778,chac306uztp,1.0,0.002777777777777778
reach,1,0.002777777777777778,current,1.0,0.002777777777777778
gotta,1,0.002777777777777778,got,1.0,0.002777777777777778
effective,1,0.002777777777777778,lostluggag,1.0,0.002777777777777778
infrastructure,1,0.002777777777777778,without,1.0,0.002777777777777778
jobs,1,0.002777777777777778,bind,1.0,0.002777777777777778
originated,1,0.002777777777777778,lezj303q2cj,1.0,0.002777777777777778
gklg306f0iu,1,0.002777777777777778,mother,1.0,0.002777777777777778
784,1,0.002777777777777778,doiz30fiqnd,1.0,0.002777777777777778
according,1,0.002777777777777778,format,1.0,0.002777777777777778
somewhere,1,0.002777777777777778,802,1.0,0.002777777777777778
qrys30dbxtd,1,0.002777777777777778,comprehens,1.0,0.002777777777777778
accusations,1,0.002777777777777778,overbook,1.0,0.002777777777777778
expression,1,0.002777777777777778,legisl,1.0,0.002777777777777778
comes,1,0.002777777777777778,rebook,1.0,0.002777777777777778
xwfm30hm73p,1,0.002777777777777778,els,1.0,0.002777777777777778
pricing,1,0.002777777777777778,appropri,1.0,0.002777777777777778
2ctuj40,1,0.002777777777777778,recent,1.0,0.002777777777777778
laudable,1,0.002777777777777778,bargain,1.0,0.002777777777777778
innuendo,1,0.002777777777777778,excess,1.0,0.002777777777777778
vacation,1,0.002777777777777778,never,1.0,0.002777777777777778
501,1,0.002777777777777778,common,1.0,0.002777777777777778
wants,1,0.002777777777777778,sensori,1.0,0.002777777777777778
chapter,1,0.002777777777777778,relev,1.0,0.002777777777777778
post,1,0.002777777777777778,quick,1.0,0.002777777777777778
attentive,1,0.002777777777777778,qud8307jhx,1.0,0.002777777777777778
amend,1,0.002777777777777778,silenc,1.0,0.002777777777777778
ongoing,1,0.002777777777777778,nayz30ejt8b,1.0,0.002777777777777778
across,1,0.002777777777777778,competit,1.0,0.002777777777777778
representatives,1,0.002777777777777778,basi,1.0,0.002777777777777778
sept,1,0.002777777777777778,shipper,1.0,0.002777777777777778
farmers,1,0.002777777777777778,uiu5309mvnp,1.0,0.002777777777777778
online,1,0.002777777777777778,explan,1.0,0.002777777777777778
iveson,1,0.002777777777777778,1967,1.0,0.002777777777777778
meaningful,1,0.002777777777777778,western,1.0,0.002777777777777778
overbooking,1,0.002777777777777778,austen,1.0,0.002777777777777778
keeps,1,0.002777777777777778,lrz230cdxoq,1.0,0.002777777777777778
net,1,0.002777777777777778,declin,1.0,0.002777777777777778
law,1,0.002777777777777778,sky,1.0,0.002777777777777778
uxry306a07k,1,0.002777777777777778,expect,1.0,0.002777777777777778
average,1,0.002777777777777778,rnj7306udgx,1.0,0.002777777777777778
support,1,0.002777777777777778,add,1.0,0.002777777777777778
rely,1,0.002777777777777778,howyou,1.0,0.002777777777777778
ground,1,0.002777777777777778,213,1.0,0.002777777777777778
proportion,1,0.002777777777777778,exercis,1.0,0.002777777777777778
shippers,1,0.002777777777777778,700,1.0,0.002777777777777778
contracts,1,0.002777777777777778,monday,1.0,0.002777777777777778
cannot,1,0.002777777777777778,input,1.0,0.002777777777777778
charging,1,0.002777777777777778,hard,1.0,0.002777777777777778
contains,1,0.002777777777777778,weight,1.0,0.002777777777777778
summary,1,0.002777777777777778,easi,1.0,0.002777777777777778
miles,1,0.002777777777777778,pilotag,1.0,0.002777777777777778
consulting,1,0.002777777777777778,beyond,1.0,0.002777777777777778
u5jm304suha,1,0.002777777777777778,begin,1.0,0.002777777777777778
rmi,1,0.002777777777777778,kds130drbza,1.0,0.002777777777777778
deleted,1,0.002777777777777778,failsaf,1.0,0.002777777777777778
4q6n307iiw1,1,0.002777777777777778,infograph,1.0,0.002777777777777778
good,1,0.002777777777777778,safeti,1.0,0.002777777777777778
ikh830cgnos,1,0.002777777777777778,goe,1.0,0.002777777777777778
served,1,0.002777777777777778,facil,1.0,0.002777777777777778
qaz3306j9f9,1,0.002777777777777778,trust,1.0,0.002777777777777778
mydreams,1,0.002777777777777778,aviat,1.0,0.002777777777777778
specified,1,0.002777777777777778,birthday,1.0,0.002777777777777778
8bymrams7j0,1,0.002777777777777778,edmonton,1.0,0.002777777777777778
appearing,1,0.002777777777777778,bad,1.0,0.002777777777777778
dwon307gdoy,1,0.002777777777777778,research,1.0,0.002777777777777778
inspect,1,0.002777777777777778,content,1.0,0.002777777777777778
notable,1,0.002777777777777778,egsk30fkssi,1.0,0.002777777777777778
1938,1,0.002777777777777778,success,1.0,0.002777777777777778
oh,1,0.002777777777777778,launch,1.0,0.002777777777777778
industry,1,0.002777777777777778,physic,1.0,0.002777777777777778
advanced,1,0.002777777777777778,univers,1.0,0.002777777777777778
end,1,0.002777777777777778,repetit,1.0,0.002777777777777778
discusses,1,0.002777777777777778,18,1.0,0.002777777777777778
road,1,0.002777777777777778,fibu307vda6,1.0,0.002777777777777778
s9gl306abiw,1,0.002777777777777778,4fpn307iv0u,1.0,0.002777777777777778
rising,1,0.002777777777777778,hqxy306a3br,1.0,0.002777777777777778
municipal,1,0.002777777777777778,440,1.0,0.002777777777777778
operator,1,0.002777777777777778,speech,1.0,0.002777777777777778
prepare,1,0.002777777777777778,summari,1.0,0.002777777777777778
assumed,1,0.002777777777777778,amend,1.0,0.002777777777777778
2afcvid,1,0.002777777777777778,level,1.0,0.002777777777777778
fully,1,0.002777777777777778,accus,1.0,0.002777777777777778
specific,1,0.002777777777777778,2afcvid,1.0,0.002777777777777778
amazing,1,0.002777777777777778,size,1.0,0.002777777777777778
stbdot,1,0.002777777777777778,iiw330c8kzb,1.0,0.002777777777777778
hiv5306tgvu,1,0.002777777777777778,mail,1.0,0.002777777777777778
arguments,1,0.002777777777777778,summit,1.0,0.002777777777777778
document,1,0.002777777777777778,urban,1.0,0.002777777777777778
normal,1,0.002777777777777778,notabl,1.0,0.002777777777777778
oil,1,0.002777777777777778,fund,1.0,0.002777777777777778
assist,1,0.002777777777777778,mamasaidtherewouldbedayslikethi,1.0,0.002777777777777778
producers,1,0.002777777777777778,kbmn30gpqb9,1.0,0.002777777777777778
running,1,0.002777777777777778,a5lg3069zu2,1.0,0.002777777777777778
advertisement,1,0.002777777777777778,upcom,1.0,0.002777777777777778
modes,1,0.002777777777777778,honour,1.0,0.002777777777777778
largely,1,0.002777777777777778,501,1.0,0.002777777777777778
53,1,0.002777777777777778,popul,1.0,0.002777777777777778
without,1,0.002777777777777778,vobk307nixq,1.0,0.002777777777777778
solve,1,0.002777777777777778,basic,1.0,0.002777777777777778
svtp30ep8me,1,0.002777777777777778,specifi,1.0,0.002777777777777778
bumping,1,0.002777777777777778,jane,1.0,0.002777777777777778
taxi,1,0.002777777777777778,gbua306geuj,1.0,0.002777777777777778
213,1,0.002777777777777778,consular,1.0,0.002777777777777778
faciliate,1,0.002777777777777778,here,1.0,0.002777777777777778
janeaustenday,1,0.002777777777777778,place,1.0,0.002777777777777778
scheduled,1,0.002777777777777778,complex,1.0,0.002777777777777778
aspects,1,0.002777777777777778,snowbound,1.0,0.002777777777777778
mou,1,0.002777777777777778,spam,1.0,0.002777777777777778
legislation,1,0.002777777777777778,exchang,1.0,0.002777777777777778
authorized,1,0.002777777777777778,tri,1.0,0.002777777777777778
jane,1,0.002777777777777778,2bif2co,1.0,0.002777777777777778
holding,1,0.002777777777777778,refus,1.0,0.002777777777777778
f95m30fixb5,1,0.002777777777777778,honest,1.0,0.002777777777777778
canadaremembers,1,0.002777777777777778,soldier,1.0,0.002777777777777778
welcomes,1,0.002777777777777778,length,1.0,0.002777777777777778
1967,1,0.002777777777777778,welcom,1.0,0.002777777777777778
physical,1,0.002777777777777778,tran,1.0,0.002777777777777778
live,1,0.002777777777777778,marci,1.0,0.002777777777777778
safe,1,0.002777777777777778,sever,1.0,0.002777777777777778
sighted,1,0.002777777777777778,gs1p30ciylh,1.0,0.002777777777777778
mayor,1,0.002777777777777778,owner,1.0,0.002777777777777778
sharing,1,0.002777777777777778,fallen,1.0,0.002777777777777778
behalf,1,0.002777777777777778,unit,1.0,0.002777777777777778
xrby30elhxa,1,0.002777777777777778,infring,1.0,0.002777777777777778
organizations,1,0.002777777777777778,078,1.0,0.002777777777777778
car,1,0.002777777777777778,accredit,1.0,0.002777777777777778
originally,1,0.002777777777777778,sulk,1.0,0.002777777777777778
attacks,1,0.002777777777777778,render,1.0,0.002777777777777778
rental,1,0.002777777777777778,independ,1.0,0.002777777777777778
lezj303q2cj,1,0.002777777777777778,seven,1.0,0.002777777777777778
miscarry,1,0.002777777777777778,457,1.0,0.002777777777777778
hears,1,0.002777777777777778,4q6n307iiw1,1.0,0.002777777777777778
heard,1,0.002777777777777778,messag,1.0,0.002777777777777778
9yzm308qvrn,1,0.002777777777777778,rbc,1.0,0.002777777777777778
fortunately,1,0.002777777777777778,81xxld1avpg,1.0,0.002777777777777778
useful,1,0.002777777777777778,post,1.0,0.002777777777777778
wait,1,0.002777777777777778,,,
fourth,1,0.002777777777777778,,,
appears,1,0.002777777777777778,,,
faster,1,0.002777777777777778,,,
serious,1,0.002777777777777778,,,
focus,1,0.002777777777777778,,,
better,1,0.002777777777777778,,,
nby830gpono,1,0.002777777777777778,,,
journey,1,0.002777777777777778,,,
i4hn30adpfk,1,0.002777777777777778,,,
liability,1,0.002777777777777778,,,
chac306uztp,1,0.002777777777777778,,,
airing,1,0.002777777777777778,,,
standards,1,0.002777777777777778,,,
starwars,1,0.002777777777777778,,,
repetitive,1,0.002777777777777778,,,
sign,1,0.002777777777777778,,,
prairie,1,0.002777777777777778,,,
port,1,0.002777777777777778,,,
appear,1,0.002777777777777778,,,
goes,1,0.002777777777777778,,,
crew,1,0.002777777777777778,,,
honour,1,0.002777777777777778,,,
address,1,0.002777777777777778,,,
alone,1,0.002777777777777778,,,
along,1,0.002777777777777778,,,
infringements,1,0.002777777777777778,,,
speaks,1,0.002777777777777778,,,
turned,1,0.002777777777777778,,,
place,1,0.002777777777777778,,,
blind,1,0.002777777777777778,,,
cdntravel,1,0.002777777777777778,,,
687,1,0.002777777777777778,,,
fast,1,0.002777777777777778,,,
third,1,0.002777777777777778,,,
message,1,0.002777777777777778,,,
rome,1,0.002777777777777778,,,
size,1,0.002777777777777778,,,
mamasaidtherewouldbedayslikethis,1,0.002777777777777778,,,
crossings,1,0.002777777777777778,,,
legally,1,0.002777777777777778,,,
fibu307vda6,1,0.002777777777777778,,,
rzlz30ejkat,1,0.002777777777777778,,,
released,1,0.002777777777777778,,,
population,1,0.002777777777777778,,,
12,1,0.002777777777777778,,,
15,1,0.002777777777777778,,,
14,1,0.002777777777777778,,,
seuss,1,0.002777777777777778,,,
18,1,0.002777777777777778,,,
pilotage,1,0.002777777777777778,,,
becoming,1,0.002777777777777778,,,
5dq0309ice2,1,0.002777777777777778,,,
aboard,1,0.002777777777777778,,,
honest,1,0.002777777777777778,,,
kdao30adpl8,1,0.002777777777777778,,,
maximum,1,0.002777777777777778,,,
378,1,0.002777777777777778,,,
sacrifice,1,0.002777777777777778,,,
originating,1,0.002777777777777778,,,
tttb303jgv0,1,0.002777777777777778,,,
refund,1,0.002777777777777778,,,
serving,1,0.002777777777777778,,,
feedback,1,0.002777777777777778,,,
still,1,0.002777777777777778,,,
neil30ehpix,1,0.002777777777777778,,,
farmer,1,0.002777777777777778,,,
records,1,0.002777777777777778,,,
financialpost,1,0.002777777777777778,,,
nos,1,0.002777777777777778,,,
qktk30f1akn,1,0.002777777777777778,,,
webinar,1,0.002777777777777778,,,
entering,1,0.002777777777777778,,,
emotional,1,0.002777777777777778,,,
operations,1,0.002777777777777778,,,
looking,1,0.002777777777777778,,,
investigation,1,0.002777777777777778,,,
gn2d30fyael,1,0.002777777777777778,,,
complications,1,0.002777777777777778,,,
accommodation,1,0.002777777777777778,,,
compliant,1,0.002777777777777778,,,
kihm30fizty,1,0.002777777777777778,,,
flightcancelled,1,0.002777777777777778,,,
cheaper,1,0.002777777777777778,,,
longest,1,0.002777777777777778,,,
puts,1,0.002777777777777778,,,
hzls30dki2w,1,0.002777777777777778,,,
unit,1,0.002777777777777778,,,
speak,1,0.002777777777777778,,,
doubled,1,0.002777777777777778,,,
common,1,0.002777777777777778,,,
telecommunications,1,0.002777777777777778,,,
tanker,1,0.002777777777777778,,,
314,1,0.002777777777777778,,,
trust,1,0.002777777777777778,,,
allin,1,0.002777777777777778,,,
close,1,0.002777777777777778,,,
declined,1,0.002777777777777778,,,
exchange,1,0.002777777777777778,,,
lostluggage,1,0.002777777777777778,,,
hoxj30fiq71,1,0.002777777777777778,,,
creating,1,0.002777777777777778,,,
aircraft,1,0.002777777777777778,,,
excess,1,0.002777777777777778,,,
became,1,0.002777777777777778,,,
asked,1,0.002777777777777778,,,
focused,1,0.002777777777777778,,,
accessiblecanada,1,0.002777777777777778,,,
spoke,1,0.002777777777777778,,,
separation,1,0.002777777777777778,,,
merged,1,0.002777777777777778,,,
financed,1,0.002777777777777778,,,
rails,1,0.002777777777777778,,,
attendants,1,0.002777777777777778,,,
checklist,1,0.002777777777777778,,,
expected,1,0.002777777777777778,,,
basic,1,0.002777777777777778,,,
1910,1,0.002777777777777778,,,
inaugurated,1,0.002777777777777778,,,
ages,1,0.002777777777777778,,,
iprz307gcdd,1,0.002777777777777778,,,
build,1,0.002777777777777778,,,
complainer,1,0.002777777777777778,,,
773,1,0.002777777777777778,,,
commission,1,0.002777777777777778,,,
mediate,1,0.002777777777777778,,,
quickly,1,0.002777777777777778,,,
4oen307veco,1,0.002777777777777778,,,
businesses,1,0.002777777777777778,,,
freight,1,0.002777777777777778,,,
would,1,0.002777777777777778,,,
current,1,0.002777777777777778,,,
penalty,1,0.002777777777777778,,,
basis,1,0.002777777777777778,,,
baltimore,1,0.002777777777777778,,,
umdc300yqra,1,0.002777777777777778,,,
traveler,1,0.002777777777777778,,,
holds,1,0.002777777777777778,,,
brussels,1,0.002777777777777778,,,
recent,1,0.002777777777777778,,,
however,1,0.002777777777777778,,,
sulking,1,0.002777777777777778,,,
abilities,1,0.002777777777777778,,,
competitive,1,0.002777777777777778,,,
alternative,1,0.002777777777777778,,,
367,1,0.002777777777777778,,,
jzyl30ebkgl,1,0.002777777777777778,,,
input,1,0.002777777777777778,,,
remaining,1,0.002777777777777778,,,
81xxld1avpg,1,0.002777777777777778,,,
pets,1,0.002777777777777778,,,
marci,1,0.002777777777777778,,,
format,1,0.002777777777777778,,,
discriminatory,1,0.002777777777777778,,,
00,1,0.002777777777777778,,,
cognitive,1,0.002777777777777778,,,
5zx7306gewp,1,0.002777777777777778,,,
individuals,1,0.002777777777777778,,,
methods,1,0.002777777777777778,,,
result,1,0.002777777777777778,,,
ethical,1,0.002777777777777778,,,
dedication,1,0.002777777777777778,,,
widely,1,0.002777777777777778,,,
others,1,0.002777777777777778,,,
binding,1,0.002777777777777778,,,
complies,1,0.002777777777777778,,,
community,1,0.002777777777777778,,,
com,1,0.002777777777777778,,,
likes,1,0.002777777777777778,,,
described,1,0.002777777777777778,,,
maintenance,1,0.002777777777777778,,,
vobk307nixq,1,0.002777777777777778,,,
meeting,1,0.002777777777777778,,,
pm,1,0.002777777777777778,,,
dialogue,1,0.002777777777777778,,,
explained,1,0.002777777777777778,,,
else,1,0.002777777777777778,,,
fund,1,0.002777777777777778,,,
determination,1,0.002777777777777778,,,
iiw330c8kzb,1,0.002777777777777778,,,
presented,1,0.002777777777777778,,,
consulate,1,0.002777777777777778,,,
grains,1,0.002777777777777778,,,
gbua306geuj,1,0.002777777777777778,,,
exceeds,1,0.002777777777777778,,,
consular,1,0.002777777777777778,,,
planned,1,0.002777777777777778,,,
participating,1,0.002777777777777778,,,
a5lg3069zu2,1,0.002777777777777778,,,
telegraph,1,0.002777777777777778,,,
applying,1,0.002777777777777778,,,
large,1,0.002777777777777778,,,
penalties,1,0.002777777777777778,,,
196,1,0.002777777777777778,,,
perspectives,1,0.002777777777777778,,,
design,1,0.002777777777777778,,,
disruptions,1,0.002777777777777778,,,
opinions,1,0.002777777777777778,,,
brief,1,0.002777777777777778,,,
3jo630fzxeq,1,0.002777777777777778,,,
unproven,1,0.002777777777777778,,,
802,1,0.002777777777777778,,,
practices,1,0.002777777777777778,,,
prior,1,0.002777777777777778,,,
revenues,1,0.002777777777777778,,,
via,1,0.002777777777777778,,,
transit,1,0.002777777777777778,,,
1908,1,0.002777777777777778,,,
programs,1,0.002777777777777778,,,
mywt301ri1d,1,0.002777777777777778,,,
pioneers,1,0.002777777777777778,,,
nayz30ejt8b,1,0.002777777777777778,,,
9gfp303m0qr,1,0.002777777777777778,,,
comprehensive,1,0.002777777777777778,,,
more,1,0.002777777777777778,,,
snowbound,1,0.002777777777777778,,,
mothers,1,0.002777777777777778,,,
plf1309i7r1,1,0.002777777777777778,,,
got,1,0.002777777777777778,,,
7ypz30be0iy,1,0.002777777777777778,,,
monopoly,1,0.002777777777777778,,,
default,1,0.002777777777777778,,,
suitcase,1,0.002777777777777778,,,
trips,1,0.002777777777777778,,,
gone,1,0.002777777777777778,,,
certain,1,0.002777777777777778,,,
moved,1,0.002777777777777778,,,
easy,1,0.002777777777777778,,,
lrz230cdxoq,1,0.002777777777777778,,,
valid,1,0.002777777777777778,,,
reviewing,1,0.002777777777777778,,,
monitored,1,0.002777777777777778,,,
terry,1,0.002777777777777778,,,
building,1,0.002777777777777778,,,
invest,1,0.002777777777777778,,,
2bif2co,1,0.002777777777777778,,,
aside,1,0.002777777777777778,,,
edmonton,1,0.002777777777777778,,,
bargain,1,0.002777777777777778,,,
safety,1,0.002777777777777778,,,
returning,1,0.002777777777777778,,,
howyou,1,0.002777777777777778,,,
sens,1,0.002777777777777778,,,
independent,1,0.002777777777777778,,,
feel,1,0.002777777777777778,,,
qud8307jhxe,1,0.002777777777777778,,,
fined,1,0.002777777777777778,,,
speech,1,0.002777777777777778,,,
experts,1,0.002777777777777778,,,
078,1,0.002777777777777778,,,
complain,1,0.002777777777777778,,,
seven,1,0.002777777777777778,,,
ntrp307igvt,1,0.002777777777777778,,,
weight,1,0.002777777777777778,,,
hard,1,0.002777777777777778,,,
advertisers,1,0.002777777777777778,,,
side,1,0.002777777777777778,,,
beyond,1,0.002777777777777778,,,
launches,1,0.002777777777777778,,,
kds130drbza,1,0.002777777777777778,,,
sad,1,0.002777777777777778,,,
attendant,1,0.002777777777777778,,,
beginning,1,0.002777777777777778,,,
owners,1,0.002777777777777778,,,
benefits,1,0.002777777777777778,,,
american,1,0.002777777777777778,,,
existential,1,0.002777777777777778,,,
fallen,1,0.002777777777777778,,,
consultations,1,0.002777777777777778,,,
23,1,0.002777777777777778,,,
suffer,1,0.002777777777777778,,,
entitled,1,0.002777777777777778,,,
committee,1,0.002777777777777778,,,
several,1,0.002777777777777778,,,
741,1,0.002777777777777778,,,
share,1,0.002777777777777778,,,
accept,1,0.002777777777777778,,,
numbers,1,0.002777777777777778,,,
purchased,1,0.002777777777777778,,,
join,1,0.002777777777777778,,,
phone,1,0.002777777777777778,,,
448,1,0.002777777777777778,,,
tried,1,0.002777777777777778,,,
ix2k30eltgy,1,0.002777777777777778,,,
doiz30fiqnd,1,0.002777777777777778,,,
615,1,0.002777777777777778,,,
plane,1,0.002777777777777778,,,
complex,1,0.002777777777777778,,,
8hzg30cewi0,1,0.002777777777777778,,,
documentation,1,0.002777777777777778,,,
amount,1,0.002777777777777778,,,
mounts,1,0.002777777777777778,,,
simplified,1,0.002777777777777778,,,
successful,1,0.002777777777777778,,,
embassy,1,0.002777777777777778,,,
tell,1,0.002777777777777778,,,
content,1,0.002777777777777778,,,
